Sample Name,Treatment Group
FT01_OD,3 month & Ambient Air & Not Applicable & Normally Loaded Control & Not Applicable & Female
FT01_OS,3 month & Ambient Air & Not Applicable & Normally Loaded Control & Not Applicable & Female
FT02_OD,3 month & Ambient Air & Not Applicable & Hindlimb Unloaded & 28 day & Female
FT02_OS,3 month & Ambient Air & Not Applicable & Hindlimb Unloaded & 28 day & Female
FT03_OD,3 month & Ambient Air & Not Applicable & Normally Loaded Control & Not Applicable & Female
FT03_OS,3 month & Ambient Air & Not Applicable & Normally Loaded Control & Not Applicable & Female
FT04_OD,3 month & Ambient Air & Not Applicable & Hindlimb Unloaded & 28 day & Female
FT04_OS,3 month & Ambient Air & Not Applicable & Hindlimb Unloaded & 28 day & Female
FT06_OD,3 month & Ambient Air & Not Applicable & Hindlimb Unloaded & 7 day & Female
FT06_OS,3 month & Ambient Air & Not Applicable & Hindlimb Unloaded & 7 day & Female
FT07_OD,3 month & Ambient Air & Not Applicable & Normally Loaded Control & Not Applicable & Female
FT07_OS,3 month & Ambient Air & Not Applicable & Normally Loaded Control & Not Applicable & Female
FT08_OD,3 month & Ambient Air & Not Applicable & Normally Loaded Control & Not Applicable & Female
FT08_OS,3 month & Ambient Air & Not Applicable & Normally Loaded Control & Not Applicable & Female
FT09_OD,3 month & Ambient Air & Not Applicable & Normally Loaded Control & Not Applicable & Female
FT09_OS,3 month & Ambient Air & Not Applicable & Normally Loaded Control & Not Applicable & Female
FT100_OD,3 month & Ambient Air & 7 day & Hindlimb Unloaded & 90 day & Female
FT100_OS,3 month & Ambient Air & 7 day & Hindlimb Unloaded & 90 day & Female
FT101_OD,3 month & Ambient Air & 7 day & Hindlimb Unloaded & 90 day & Female
FT101_OS,3 month & Ambient Air & 7 day & Hindlimb Unloaded & 90 day & Female
FT102_OD,3 month & Ambient Air & Not Applicable & Normally Loaded Control & Not Applicable & Female
FT102_OS,3 month & Ambient Air & Not Applicable & Normally Loaded Control & Not Applicable & Female
FT103_OD,3 month & Ambient Air & 7 day & Hindlimb Unloaded & 90 day & Female
FT103_OS,3 month & Ambient Air & 7 day & Hindlimb Unloaded & 90 day & Female
FT104_OD,3 month & Ambient Air & 7 day & Hindlimb Unloaded & 90 day & Female
FT104_OS,3 month & Ambient Air & 7 day & Hindlimb Unloaded & 90 day & Female
FT106_OD,3 month & Ambient Air & Not Applicable & Normally Loaded Control & Not Applicable & Female
FT106_OS,3 month & Ambient Air & Not Applicable & Normally Loaded Control & Not Applicable & Female
FT107_OD,3 month & Ambient Air & Not Applicable & Normally Loaded Control & Not Applicable & Female
FT107_OS,3 month & Ambient Air & Not Applicable & Normally Loaded Control & Not Applicable & Female
FT108_OD,3 month & Ambient Air & 90 day & Hindlimb Unloaded & 90 day & Female
FT108_OS,3 month & Ambient Air & 90 day & Hindlimb Unloaded & 90 day & Female
FT109_OD,3 month & Ambient Air & 90 day & Hindlimb Unloaded & 90 day & Female
FT109_OS,3 month & Ambient Air & 90 day & Hindlimb Unloaded & 90 day & Female
FT10_OD,3 month & Ambient Air & Not Applicable & Hindlimb Unloaded & 14 day & Female
FT10_OS,3 month & Ambient Air & Not Applicable & Hindlimb Unloaded & 14 day & Female
FT110_OD,3 month & Ambient Air & Not Applicable & Normally Loaded Control & Not Applicable & Female
FT110_OS,3 month & Ambient Air & Not Applicable & Normally Loaded Control & Not Applicable & Female
FT111_OD,3 month & Ambient Air & Not Applicable & Normally Loaded Control & Not Applicable & Female
FT111_OS,3 month & Ambient Air & Not Applicable & Normally Loaded Control & Not Applicable & Female
FT120_OD,3 month & Ambient Air & 28 day & Hindlimb Unloaded & 90 day & Female
FT120_OS,3 month & Ambient Air & 28 day & Hindlimb Unloaded & 90 day & Female
FT121_OD,3 month & Ambient Air & 90 day & Hindlimb Unloaded & 90 day & Female
FT121_OS,3 month & Ambient Air & 90 day & Hindlimb Unloaded & 90 day & Female
FT122_OD,3 month & Ambient Air & Not Applicable & Normally Loaded Control & Not Applicable & Female
FT122_OS,3 month & Ambient Air & Not Applicable & Normally Loaded Control & Not Applicable & Female
FT123_OD,3 month & Ambient Air & 90 day & Hindlimb Unloaded & 90 day & Female
FT123_OS,3 month & Ambient Air & 90 day & Hindlimb Unloaded & 90 day & Female
FT127_OD,3 month & Ambient Air & 90 day & Hindlimb Unloaded & 90 day & Female
FT127_OS,3 month & Ambient Air & 90 day & Hindlimb Unloaded & 90 day & Female
FT128_OD,3 month & Ambient Air & Not Applicable & Normally Loaded Control & Not Applicable & Female
FT128_OS,3 month & Ambient Air & Not Applicable & Normally Loaded Control & Not Applicable & Female
FT12_OD,3 month & Ambient Air & Not Applicable & Normally Loaded Control & Not Applicable & Female
FT12_OS,3 month & Ambient Air & Not Applicable & Normally Loaded Control & Not Applicable & Female
FT130_OD,3 month & Ambient Air & 90 day & Hindlimb Unloaded & 90 day & Female
FT130_OS,3 month & Ambient Air & 90 day & Hindlimb Unloaded & 90 day & Female
FT132_OD,3 month & Ambient Air & 14 day & Hindlimb Unloaded & 90 day & Female
FT132_OS,3 month & Ambient Air & 14 day & Hindlimb Unloaded & 90 day & Female
FT133_OD,3 month & Ambient Air & Not Applicable & Normally Loaded Control & Not Applicable & Female
FT133_OS,3 month & Ambient Air & Not Applicable & Normally Loaded Control & Not Applicable & Female
FT134_OD,3 month & Ambient Air & 14 day & Hindlimb Unloaded & 90 day & Female
FT134_OS,3 month & Ambient Air & 14 day & Hindlimb Unloaded & 90 day & Female
FT135_OD,3 month & Ambient Air & Not Applicable & Normally Loaded Control & Not Applicable & Female
FT135_OS,3 month & Ambient Air & Not Applicable & Normally Loaded Control & Not Applicable & Female
FT136_OD,3 month & Ambient Air & 14 day & Hindlimb Unloaded & 90 day & Female
FT136_OS,3 month & Ambient Air & 14 day & Hindlimb Unloaded & 90 day & Female
FT137_OD,3 month & Ambient Air & Not Applicable & Normally Loaded Control & Not Applicable & Female
FT137_OS,3 month & Ambient Air & Not Applicable & Normally Loaded Control & Not Applicable & Female
FT138_OD,3 month & Ambient Air & 28 day & Hindlimb Unloaded & 90 day & Female
FT138_OS,3 month & Ambient Air & 28 day & Hindlimb Unloaded & 90 day & Female
FT140_OD,3 month & Ambient Air & 14 day & Hindlimb Unloaded & 90 day & Female
FT140_OS,3 month & Ambient Air & 14 day & Hindlimb Unloaded & 90 day & Female
FT141_OD,3 month & Ambient Air & Not Applicable & Normally Loaded Control & Not Applicable & Female
FT141_OS,3 month & Ambient Air & Not Applicable & Normally Loaded Control & Not Applicable & Female
FT142_OD,3 month & Ambient Air & 14 day & Hindlimb Unloaded & 90 day & Female
FT142_OS,3 month & Ambient Air & 14 day & Hindlimb Unloaded & 90 day & Female
FT143_OD,3 month & Ambient Air & Not Applicable & Normally Loaded Control & Not Applicable & Female
FT143_OS,3 month & Ambient Air & Not Applicable & Normally Loaded Control & Not Applicable & Female
FT144_OD,3 month & Ambient Air & 14 day & Hindlimb Unloaded & 90 day & Female
FT144_OS,3 month & Ambient Air & 14 day & Hindlimb Unloaded & 90 day & Female
FT145_OD,3 month & Ambient Air & Not Applicable & Normally Loaded Control & Not Applicable & Female
FT145_OS,3 month & Ambient Air & Not Applicable & Normally Loaded Control & Not Applicable & Female
FT146_OD,3 month & Ambient Air & 14 day & Hindlimb Unloaded & 90 day & Female
FT146_OS,3 month & Ambient Air & 14 day & Hindlimb Unloaded & 90 day & Female
FT147_OD,3 month & Ambient Air & Not Applicable & Normally Loaded Control & Not Applicable & Female
FT147_OS,3 month & Ambient Air & Not Applicable & Normally Loaded Control & Not Applicable & Female
FT148_OD,3 month & Ambient Air & 7 day & Hindlimb Unloaded & 90 day & Female
FT148_OS,3 month & Ambient Air & 7 day & Hindlimb Unloaded & 90 day & Female
FT149_OD,3 month & Ambient Air & Not Applicable & Normally Loaded Control & Not Applicable & Female
FT149_OS,3 month & Ambient Air & Not Applicable & Normally Loaded Control & Not Applicable & Female
FT14_OD,3 month & Ambient Air & Not Applicable & Hindlimb Unloaded & 14 day & Female
FT14_OS,3 month & Ambient Air & Not Applicable & Hindlimb Unloaded & 14 day & Female
FT150_OD,3 month & Ambient Air & 7 day & Hindlimb Unloaded & 90 day & Female
FT150_OS,3 month & Ambient Air & 7 day & Hindlimb Unloaded & 90 day & Female
FT151_OD,3 month & Ambient Air & Not Applicable & Normally Loaded Control & Not Applicable & Female
FT151_OS,3 month & Ambient Air & Not Applicable & Normally Loaded Control & Not Applicable & Female
FT154_OD,3 month & Ambient Air & Not Applicable & Hindlimb Unloaded & 90 day & Female
FT154_OS,3 month & Ambient Air & Not Applicable & Hindlimb Unloaded & 90 day & Female
FT155_OD,3 month & Ambient Air & Not Applicable & Normally Loaded Control & Not Applicable & Female
FT155_OS,3 month & Ambient Air & Not Applicable & Normally Loaded Control & Not Applicable & Female
FT156_OD,3 month & Ambient Air & Not Applicable & Hindlimb Unloaded & 90 day & Female
FT156_OS,3 month & Ambient Air & Not Applicable & Hindlimb Unloaded & 90 day & Female
FT157_OD,3 month & Ambient Air & Not Applicable & Normally Loaded Control & Not Applicable & Female
FT157_OS,3 month & Ambient Air & Not Applicable & Normally Loaded Control & Not Applicable & Female
FT159_OD,3 month & Ambient Air & Not Applicable & Normally Loaded Control & Not Applicable & Female
FT159_OS,3 month & Ambient Air & Not Applicable & Normally Loaded Control & Not Applicable & Female
FT15_OD,3 month & Ambient Air & Not Applicable & Normally Loaded Control & Not Applicable & Female
FT15_OS,3 month & Ambient Air & Not Applicable & Normally Loaded Control & Not Applicable & Female
FT160_OD,3 month & Ambient Air & Not Applicable & Hindlimb Unloaded & 90 day & Female
FT160_OS,3 month & Ambient Air & Not Applicable & Hindlimb Unloaded & 90 day & Female
FT163_OD,3 month & Ambient Air & Not Applicable & Normally Loaded Control & Not Applicable & Female
FT163_OS,3 month & Ambient Air & Not Applicable & Normally Loaded Control & Not Applicable & Female
FT164_OD,3 month & Ambient Air & Not Applicable & Hindlimb Unloaded & 90 day & Female
FT164_OS,3 month & Ambient Air & Not Applicable & Hindlimb Unloaded & 90 day & Female
FT16_OD,3 month & Ambient Air & Not Applicable & Hindlimb Unloaded & 28 day & Female
FT16_OS,3 month & Ambient Air & Not Applicable & Hindlimb Unloaded & 28 day & Female
FT17_OD,3 month & Ambient Air & Not Applicable & Normally Loaded Control & Not Applicable & Female
FT17_OS,3 month & Ambient Air & Not Applicable & Normally Loaded Control & Not Applicable & Female
FT18_OD,3 month & Ambient Air & Not Applicable & Hindlimb Unloaded & 28 day & Female
FT18_OS,3 month & Ambient Air & Not Applicable & Hindlimb Unloaded & 28 day & Female
FT19_OD,3 month & Ambient Air & Not Applicable & Normally Loaded Control & Not Applicable & Female
FT19_OS,3 month & Ambient Air & Not Applicable & Normally Loaded Control & Not Applicable & Female
FT210_OD,3 month & Ambient Air & Not Applicable & Baseline & Not Applicable & Female
FT210_OS,3 month & Ambient Air & Not Applicable & Baseline & Not Applicable & Female
FT211_OD,3 month & Ambient Air & Not Applicable & Baseline & Not Applicable & Female
FT211_OS,3 month & Ambient Air & Not Applicable & Baseline & Not Applicable & Female
FT212_OD,3 month & Ambient Air & Not Applicable & Baseline & Not Applicable & Female
FT212_OS,3 month & Ambient Air & Not Applicable & Baseline & Not Applicable & Female
FT213_OD,3 month & Ambient Air & Not Applicable & Baseline & Not Applicable & Female
FT213_OS,3 month & Ambient Air & Not Applicable & Baseline & Not Applicable & Female
FT214_OD,3 month & Ambient Air & Not Applicable & Baseline & Not Applicable & Female
FT214_OS,3 month & Ambient Air & Not Applicable & Baseline & Not Applicable & Female
FT215_OD,3 month & Ambient Air & Not Applicable & Baseline & Not Applicable & Female
FT215_OS,3 month & Ambient Air & Not Applicable & Baseline & Not Applicable & Female
FT216_OD,3 month & Ambient Air & Not Applicable & Baseline & Not Applicable & Female
FT216_OS,3 month & Ambient Air & Not Applicable & Baseline & Not Applicable & Female
FT22_OD,3 month & Ambient Air & Not Applicable & Normally Loaded Control & Not Applicable & Female
FT22_OS,3 month & Ambient Air & Not Applicable & Normally Loaded Control & Not Applicable & Female
FT23_OD,3 month & Ambient Air & Not Applicable & Normally Loaded Control & Not Applicable & Female
FT23_OS,3 month & Ambient Air & Not Applicable & Normally Loaded Control & Not Applicable & Female
FT24_OD,3 month & Ambient Air & Not Applicable & Hindlimb Unloaded & 14 day & Female
FT24_OS,3 month & Ambient Air & Not Applicable & Hindlimb Unloaded & 14 day & Female
FT25_OD,3 month & Ambient Air & Not Applicable & Normally Loaded Control & Not Applicable & Female
FT25_OS,3 month & Ambient Air & Not Applicable & Normally Loaded Control & Not Applicable & Female
FT26_OD,3 month & Ambient Air & Not Applicable & Hindlimb Unloaded & 14 day & Female
FT26_OS,3 month & Ambient Air & Not Applicable & Hindlimb Unloaded & 14 day & Female
FT27_OD,3 month & Ambient Air & Not Applicable & Hindlimb Unloaded & 14 day & Female
FT27_OS,3 month & Ambient Air & Not Applicable & Hindlimb Unloaded & 14 day & Female
FT28_OD,3 month & Ambient Air & Not Applicable & Normally Loaded Control & Not Applicable & Female
FT28_OS,3 month & Ambient Air & Not Applicable & Normally Loaded Control & Not Applicable & Female
FT29_OD,3 month & Ambient Air & Not Applicable & Hindlimb Unloaded & 7 day & Female
FT29_OS,3 month & Ambient Air & Not Applicable & Hindlimb Unloaded & 7 day & Female
FT30_OD,3 month & Ambient Air & Not Applicable & Normally Loaded Control & Not Applicable & Female
FT30_OS,3 month & Ambient Air & Not Applicable & Normally Loaded Control & Not Applicable & Female
FT31_OD,3 month & Ambient Air & Not Applicable & Normally Loaded Control & Not Applicable & Female
FT31_OS,3 month & Ambient Air & Not Applicable & Normally Loaded Control & Not Applicable & Female
FT32_OD,3 month & Ambient Air & Not Applicable & Hindlimb Unloaded & 7 day & Female
FT32_OS,3 month & Ambient Air & Not Applicable & Hindlimb Unloaded & 7 day & Female
FT33_OD,3 month & Ambient Air & Not Applicable & Hindlimb Unloaded & 14 day & Female
FT33_OS,3 month & Ambient Air & Not Applicable & Hindlimb Unloaded & 14 day & Female
FT34_OD,3 month & Ambient Air & Not Applicable & Hindlimb Unloaded & 14 day & Female
FT34_OS,3 month & Ambient Air & Not Applicable & Hindlimb Unloaded & 14 day & Female
FT35_OD,3 month & Ambient Air & Not Applicable & Normally Loaded Control & Not Applicable & Female
FT35_OS,3 month & Ambient Air & Not Applicable & Normally Loaded Control & Not Applicable & Female
FT37_OD,3 month & Ambient Air & Not Applicable & Hindlimb Unloaded & 14 day & Female
FT37_OS,3 month & Ambient Air & Not Applicable & Hindlimb Unloaded & 14 day & Female
FT38_OD,3 month & Ambient Air & Not Applicable & Hindlimb Unloaded & 7 day & Female
FT38_OS,3 month & Ambient Air & Not Applicable & Hindlimb Unloaded & 7 day & Female
FT43_OD,3 month & Ambient Air & Not Applicable & Hindlimb Unloaded & 90 day & Female
FT43_OS,3 month & Ambient Air & Not Applicable & Hindlimb Unloaded & 90 day & Female
FT45_OD,3 month & Ambient Air & Not Applicable & Normally Loaded Control & Not Applicable & Female
FT45_OS,3 month & Ambient Air & Not Applicable & Normally Loaded Control & Not Applicable & Female
FT47_OD,3 month & Ambient Air & Not Applicable & Normally Loaded Control & Not Applicable & Female
FT47_OS,3 month & Ambient Air & Not Applicable & Normally Loaded Control & Not Applicable & Female
FT49_OD,3 month & Ambient Air & Not Applicable & Hindlimb Unloaded & 90 day & Female
FT49_OS,3 month & Ambient Air & Not Applicable & Hindlimb Unloaded & 90 day & Female
FT50_OD,3 month & Ambient Air & Not Applicable & Normally Loaded Control & Not Applicable & Female
FT50_OS,3 month & Ambient Air & Not Applicable & Normally Loaded Control & Not Applicable & Female
FT51_OD,3 month & Ambient Air & 90 day & Hindlimb Unloaded & 90 day & Female
FT51_OS,3 month & Ambient Air & 90 day & Hindlimb Unloaded & 90 day & Female
FT52_OD,3 month & Ambient Air & Not Applicable & Normally Loaded Control & Not Applicable & Female
FT52_OS,3 month & Ambient Air & Not Applicable & Normally Loaded Control & Not Applicable & Female
FT53_OD,3 month & Ambient Air & 90 day & Hindlimb Unloaded & 90 day & Female
FT53_OS,3 month & Ambient Air & 90 day & Hindlimb Unloaded & 90 day & Female
FT55_OD,3 month & Ambient Air & 90 day & Hindlimb Unloaded & 90 day & Female
FT55_OS,3 month & Ambient Air & 90 day & Hindlimb Unloaded & 90 day & Female
FT56_OD,3 month & Ambient Air & Not Applicable & Normally Loaded Control & Not Applicable & Female
FT56_OS,3 month & Ambient Air & Not Applicable & Normally Loaded Control & Not Applicable & Female
FT57_OD,3 month & Ambient Air & 90 day & Hindlimb Unloaded & 90 day & Female
FT57_OS,3 month & Ambient Air & 90 day & Hindlimb Unloaded & 90 day & Female
FT58_OD,3 month & Ambient Air & Not Applicable & Normally Loaded Control & Not Applicable & Female
FT58_OS,3 month & Ambient Air & Not Applicable & Normally Loaded Control & Not Applicable & Female
FT73_OD,3 month & Ambient Air & 14 day & Hindlimb Unloaded & 90 day & Female
FT73_OS,3 month & Ambient Air & 14 day & Hindlimb Unloaded & 90 day & Female
FT74_OD,3 month & Ambient Air & Not Applicable & Normally Loaded Control & Not Applicable & Female
FT74_OS,3 month & Ambient Air & Not Applicable & Normally Loaded Control & Not Applicable & Female
FT75_OD,3 month & Ambient Air & 14 day & Hindlimb Unloaded & 90 day & Female
FT75_OS,3 month & Ambient Air & 14 day & Hindlimb Unloaded & 90 day & Female
FT76_OD,3 month & Ambient Air & Not Applicable & Normally Loaded Control & Not Applicable & Female
FT76_OS,3 month & Ambient Air & Not Applicable & Normally Loaded Control & Not Applicable & Female
FT77_OD,3 month & Ambient Air & 14 day & Hindlimb Unloaded & 90 day & Female
FT77_OS,3 month & Ambient Air & 14 day & Hindlimb Unloaded & 90 day & Female
FT78_OD,3 month & Ambient Air & Not Applicable & Normally Loaded Control & Not Applicable & Female
FT78_OS,3 month & Ambient Air & Not Applicable & Normally Loaded Control & Not Applicable & Female
FT81_OD,3 month & Ambient Air & 14 day & Hindlimb Unloaded & 90 day & Female
FT81_OS,3 month & Ambient Air & 14 day & Hindlimb Unloaded & 90 day & Female
FT82_OD,3 month & Ambient Air & Not Applicable & Normally Loaded Control & Not Applicable & Female
FT82_OS,3 month & Ambient Air & Not Applicable & Normally Loaded Control & Not Applicable & Female
FT83_OD,3 month & Ambient Air & 14 day & Hindlimb Unloaded & 90 day & Female
FT83_OS,3 month & Ambient Air & 14 day & Hindlimb Unloaded & 90 day & Female
FT84_OD,3 month & Ambient Air & Not Applicable & Normally Loaded Control & Not Applicable & Female
FT84_OS,3 month & Ambient Air & Not Applicable & Normally Loaded Control & Not Applicable & Female
FT85_OD,3 month & Ambient Air & 14 day & Hindlimb Unloaded & 90 day & Female
FT85_OS,3 month & Ambient Air & 14 day & Hindlimb Unloaded & 90 day & Female
FT87_OD,3 month & Ambient Air & Not Applicable & Normally Loaded Control & Not Applicable & Female
FT87_OS,3 month & Ambient Air & Not Applicable & Normally Loaded Control & Not Applicable & Female
FT95_OD,3 month & Ambient Air & 14 day & Hindlimb Unloaded & 90 day & Female
FT95_OS,3 month & Ambient Air & 14 day & Hindlimb Unloaded & 90 day & Female
FT96_OD,3 month & Ambient Air & Not Applicable & Normally Loaded Control & Not Applicable & Female
FT96_OS,3 month & Ambient Air & Not Applicable & Normally Loaded Control & Not Applicable & Female
FT97_OD,3 month & Ambient Air & 14 day & Hindlimb Unloaded & 90 day & Female
FT97_OS,3 month & Ambient Air & 14 day & Hindlimb Unloaded & 90 day & Female
FT98_OD,3 month & Ambient Air & Not Applicable & Normally Loaded Control & Not Applicable & Female
FT98_OS,3 month & Ambient Air & Not Applicable & Normally Loaded Control & Not Applicable & Female
FT99_OD,3 month & Ambient Air & Not Applicable & Normally Loaded Control & Not Applicable & Female
FT99_OS,3 month & Ambient Air & Not Applicable & Normally Loaded Control & Not Applicable & Female
MT01_OD,3 month & Ambient Air & Not Applicable & Hindlimb Unloaded & 28 day & Male
MT01_OS,3 month & Ambient Air & Not Applicable & Hindlimb Unloaded & 28 day & Male
MT02_OD,3 month & Ambient Air & Not Applicable & Hindlimb Unloaded & 90 day & Male
MT02_OS,3 month & Ambient Air & Not Applicable & Hindlimb Unloaded & 90 day & Male
MT03_OD,3 month & Ambient Air & Not Applicable & Hindlimb Unloaded & 28 day & Male
MT03_OS,3 month & Ambient Air & Not Applicable & Hindlimb Unloaded & 28 day & Male
MT04_OD,3 month & Ambient Air & Not Applicable & Hindlimb Unloaded & 90 day & Male
MT04_OS,3 month & Ambient Air & Not Applicable & Hindlimb Unloaded & 90 day & Male
MT05_OD,3 month & Ambient Air & Not Applicable & Hindlimb Unloaded & 90 day & Male
MT05_OS,3 month & Ambient Air & Not Applicable & Hindlimb Unloaded & 90 day & Male
MT07_OD,3 month & Ambient Air & 28 day & Hindlimb Unloaded & 90 day & Male
MT07_OS,3 month & Ambient Air & 28 day & Hindlimb Unloaded & 90 day & Male
MT08_OD,3 month & Ambient Air & Not Applicable & Normally Loaded Control & Not Applicable & Male
MT08_OS,3 month & Ambient Air & Not Applicable & Normally Loaded Control & Not Applicable & Male
MT09_OD,3 month & Ambient Air & Not Applicable & Hindlimb Unloaded & 90 day & Male
MT09_OS,3 month & Ambient Air & Not Applicable & Hindlimb Unloaded & 90 day & Male
MT102_OD,9 month & Ambient Air & 90 day & Hindlimb Unloaded & 90 day & Male
MT102_OS,9 month & Ambient Air & 90 day & Hindlimb Unloaded & 90 day & Male
MT103_OD,9 month & Ambient Air & Not Applicable & Normally Loaded Control & Not Applicable & Male
MT103_OS,9 month & Ambient Air & Not Applicable & Normally Loaded Control & Not Applicable & Male
MT107_OD,9 month & Ambient Air & 90 day & Hindlimb Unloaded & 90 day & Male
MT107_OS,9 month & Ambient Air & 90 day & Hindlimb Unloaded & 90 day & Male
MT111_OD,9 month & Ambient Air & 90 day & Hindlimb Unloaded & 90 day & Male
MT111_OS,9 month & Ambient Air & 90 day & Hindlimb Unloaded & 90 day & Male
MT112_OD,9 month & Ambient Air & Not Applicable & Normally Loaded Control & Not Applicable & Male
MT112_OS,9 month & Ambient Air & Not Applicable & Normally Loaded Control & Not Applicable & Male
MT115_OD,9 month & Ambient Air & Not Applicable & Normally Loaded Control & Not Applicable & Male
MT115_OS,9 month & Ambient Air & Not Applicable & Normally Loaded Control & Not Applicable & Male
MT116_OD,9 month & Ambient Air & 90 day & Hindlimb Unloaded & 90 day & Male
MT116_OS,9 month & Ambient Air & 90 day & Hindlimb Unloaded & 90 day & Male
MT125_OD,9 month & Ambient Air & Not Applicable & Normally Loaded Control & Not Applicable & Male
MT125_OS,9 month & Ambient Air & Not Applicable & Normally Loaded Control & Not Applicable & Male
MT130_OD,9 month & Ambient Air & 90 day & Hindlimb Unloaded & 90 day & Male
MT130_OS,9 month & Ambient Air & 90 day & Hindlimb Unloaded & 90 day & Male
MT131_OD,9 month & Ambient Air & 90 day & Hindlimb Unloaded & 90 day & Male
MT131_OS,9 month & Ambient Air & 90 day & Hindlimb Unloaded & 90 day & Male
MT132_OD,9 month & Ambient Air & 90 day & Hindlimb Unloaded & 90 day & Male
MT132_OS,9 month & Ambient Air & 90 day & Hindlimb Unloaded & 90 day & Male
MT135_OD,9 month & Ambient Air & 90 day & Hindlimb Unloaded & 90 day & Male
MT135_OS,9 month & Ambient Air & 90 day & Hindlimb Unloaded & 90 day & Male
MT137_OD,9 month & Ambient Air & 90 day & Hindlimb Unloaded & 90 day & Male
MT137_OS,9 month & Ambient Air & 90 day & Hindlimb Unloaded & 90 day & Male
MT138_OD,9 month & Ambient Air & 90 day & Hindlimb Unloaded & 90 day & Male
MT138_OS,9 month & Ambient Air & 90 day & Hindlimb Unloaded & 90 day & Male
MT139_OD,9 month & Ambient Air & Not Applicable & Normally Loaded Control & Not Applicable & Male
MT139_OS,9 month & Ambient Air & Not Applicable & Normally Loaded Control & Not Applicable & Male
MT13_OD,3 month & Ambient Air & Not Applicable & Normally Loaded Control & Not Applicable & Male
MT13_OS,3 month & Ambient Air & Not Applicable & Normally Loaded Control & Not Applicable & Male
MT140_OD,9 month & Ambient Air & Not Applicable & Normally Loaded Control & Not Applicable & Male
MT140_OS,9 month & Ambient Air & Not Applicable & Normally Loaded Control & Not Applicable & Male
MT141_OD,9 month & Ambient Air & Not Applicable & Normally Loaded Control & Not Applicable & Male
MT141_OS,9 month & Ambient Air & Not Applicable & Normally Loaded Control & Not Applicable & Male
MT142_OD,9 month & Ambient Air & Not Applicable & Normally Loaded Control & Not Applicable & Male
MT142_OS,9 month & Ambient Air & Not Applicable & Normally Loaded Control & Not Applicable & Male
MT144_OD,9 month & Ambient Air & Not Applicable & Normally Loaded Control & Not Applicable & Male
MT144_OS,9 month & Ambient Air & Not Applicable & Normally Loaded Control & Not Applicable & Male
MT149_OD,3 month & Ambient Air & 90 day & Hindlimb Unloaded & 90 day & Male
MT149_OS,3 month & Ambient Air & 90 day & Hindlimb Unloaded & 90 day & Male
MT14_OD,3 month & Ambient Air & Not Applicable & Normally Loaded Control & Not Applicable & Male
MT14_OS,3 month & Ambient Air & Not Applicable & Normally Loaded Control & Not Applicable & Male
MT150_OD,3 month & Ambient Air & Not Applicable & Normally Loaded Control & Not Applicable & Male
MT150_OS,3 month & Ambient Air & Not Applicable & Normally Loaded Control & Not Applicable & Male
MT151_OD,3 month & Ambient Air & 90 day & Hindlimb Unloaded & 90 day & Male
MT151_OS,3 month & Ambient Air & 90 day & Hindlimb Unloaded & 90 day & Male
MT152_OD,3 month & Ambient Air & Not Applicable & Normally Loaded Control & Not Applicable & Male
MT152_OS,3 month & Ambient Air & Not Applicable & Normally Loaded Control & Not Applicable & Male
MT153_OD,3 month & Ambient Air & 90 day & Hindlimb Unloaded & 90 day & Male
MT153_OS,3 month & Ambient Air & 90 day & Hindlimb Unloaded & 90 day & Male
MT154_OD,3 month & Ambient Air & Not Applicable & Normally Loaded Control & Not Applicable & Male
MT154_OS,3 month & Ambient Air & Not Applicable & Normally Loaded Control & Not Applicable & Male
MT155_OD,3 month & Ambient Air & 90 day & Hindlimb Unloaded & 90 day & Male
MT155_OS,3 month & Ambient Air & 90 day & Hindlimb Unloaded & 90 day & Male
MT157_OD,3 month & Ambient Air & Not Applicable & Normally Loaded Control & Not Applicable & Male
MT157_OS,3 month & Ambient Air & Not Applicable & Normally Loaded Control & Not Applicable & Male
MT158_OD,3 month & Ambient Air & 90 day & Hindlimb Unloaded & 90 day & Male
MT158_OS,3 month & Ambient Air & 90 day & Hindlimb Unloaded & 90 day & Male
MT159_OD,3 month & Ambient Air & 90 day & Hindlimb Unloaded & 90 day & Male
MT159_OS,3 month & Ambient Air & 90 day & Hindlimb Unloaded & 90 day & Male
MT15_OD,3 month & Ambient Air & Not Applicable & Normally Loaded Control & Not Applicable & Male
MT15_OS,3 month & Ambient Air & Not Applicable & Normally Loaded Control & Not Applicable & Male
MT160_OD,3 month & Ambient Air & Not Applicable & Normally Loaded Control & Not Applicable & Male
MT160_OS,3 month & Ambient Air & Not Applicable & Normally Loaded Control & Not Applicable & Male
MT161_OD,3 month & Ambient Air & Not Applicable & Normally Loaded Control & Not Applicable & Male
MT161_OS,3 month & Ambient Air & Not Applicable & Normally Loaded Control & Not Applicable & Male
MT163_OD,9 month & Ambient Air & Not Applicable & Normally Loaded Control & Not Applicable & Male
MT163_OS,9 month & Ambient Air & Not Applicable & Normally Loaded Control & Not Applicable & Male
MT164_OD,9 month & Ambient Air & Not Applicable & Hindlimb Unloaded & 14 day & Male
MT164_OS,9 month & Ambient Air & Not Applicable & Hindlimb Unloaded & 14 day & Male
MT165_OD,9 month & Ambient Air & Not Applicable & Hindlimb Unloaded & 14 day & Male
MT165_OS,9 month & Ambient Air & Not Applicable & Hindlimb Unloaded & 14 day & Male
MT166_OD,9 month & Ambient Air & Not Applicable & Normally Loaded Control & Not Applicable & Male
MT166_OS,9 month & Ambient Air & Not Applicable & Normally Loaded Control & Not Applicable & Male
MT167_OD,9 month & Ambient Air & Not Applicable & Normally Loaded Control & Not Applicable & Male
MT167_OS,9 month & Ambient Air & Not Applicable & Normally Loaded Control & Not Applicable & Male
MT168_OD,9 month & Ambient Air & Not Applicable & Hindlimb Unloaded & 14 day & Male
MT168_OS,9 month & Ambient Air & Not Applicable & Hindlimb Unloaded & 14 day & Male
MT169_OD,9 month & Ambient Air & Not Applicable & Normally Loaded Control & Not Applicable & Male
MT169_OS,9 month & Ambient Air & Not Applicable & Normally Loaded Control & Not Applicable & Male
MT16_OD,3 month & Ambient Air & Not Applicable & Normally Loaded Control & Not Applicable & Male
MT16_OS,3 month & Ambient Air & Not Applicable & Normally Loaded Control & Not Applicable & Male
MT170_OD,9 month & Ambient Air & Not Applicable & Hindlimb Unloaded & 14 day & Male
MT170_OS,9 month & Ambient Air & Not Applicable & Hindlimb Unloaded & 14 day & Male
MT171_OD,9 month & Ambient Air & Not Applicable & Normally Loaded Control & Not Applicable & Male
MT171_OS,9 month & Ambient Air & Not Applicable & Normally Loaded Control & Not Applicable & Male
MT172_OD,9 month & Ambient Air & Not Applicable & Hindlimb Unloaded & 14 day & Male
MT172_OS,9 month & Ambient Air & Not Applicable & Hindlimb Unloaded & 14 day & Male
MT173_OD,9 month & Ambient Air & Not Applicable & Normally Loaded Control & Not Applicable & Male
MT173_OS,9 month & Ambient Air & Not Applicable & Normally Loaded Control & Not Applicable & Male
MT174_OD,9 month & Ambient Air & Not Applicable & Hindlimb Unloaded & 14 day & Male
MT174_OS,9 month & Ambient Air & Not Applicable & Hindlimb Unloaded & 14 day & Male
MT175_OD,9 month & Ambient Air & Not Applicable & Hindlimb Unloaded & 14 day & Male
MT175_OS,9 month & Ambient Air & Not Applicable & Hindlimb Unloaded & 14 day & Male
MT179_OD,9 month & Ambient Air & Not Applicable & Hindlimb Unloaded & 28 day & Male
MT179_OS,9 month & Ambient Air & Not Applicable & Hindlimb Unloaded & 28 day & Male
MT17_OD,3 month & Ambient Air & Not Applicable & Hindlimb Unloaded & 90 day & Male
MT17_OS,3 month & Ambient Air & Not Applicable & Hindlimb Unloaded & 90 day & Male
MT180_OD,9 month & Ambient Air & Not Applicable & Normally Loaded Control & Not Applicable & Male
MT180_OS,9 month & Ambient Air & Not Applicable & Normally Loaded Control & Not Applicable & Male
MT185_OD,9 month & Ambient Air & Not Applicable & Hindlimb Unloaded & 28 day & Male
MT185_OS,9 month & Ambient Air & Not Applicable & Hindlimb Unloaded & 28 day & Male
MT186_OD,9 month & Ambient Air & Not Applicable & Normally Loaded Control & Not Applicable & Male
MT186_OS,9 month & Ambient Air & Not Applicable & Normally Loaded Control & Not Applicable & Male
MT18_OD,3 month & Ambient Air & Not Applicable & Normally Loaded Control & Not Applicable & Male
MT18_OS,3 month & Ambient Air & Not Applicable & Normally Loaded Control & Not Applicable & Male
MT191_OD,9 month & Ambient Air & Not Applicable & Hindlimb Unloaded & 28 day & Male
MT191_OS,9 month & Ambient Air & Not Applicable & Hindlimb Unloaded & 28 day & Male
MT192_OD,9 month & Ambient Air & Not Applicable & Normally Loaded Control & Not Applicable & Male
MT192_OS,9 month & Ambient Air & Not Applicable & Normally Loaded Control & Not Applicable & Male
MT20_OD,3 month & Ambient Air & Not Applicable & Normally Loaded Control & Not Applicable & Male
MT20_OS,3 month & Ambient Air & Not Applicable & Normally Loaded Control & Not Applicable & Male
MT211_OD,9 month & Ambient Air & 14 day & Hindlimb Unloaded & 90 day & Male
MT211_OS,9 month & Ambient Air & 14 day & Hindlimb Unloaded & 90 day & Male
MT212_OD,9 month & Ambient Air & 14 day & Hindlimb Unloaded & 90 day & Male
MT212_OS,9 month & Ambient Air & 14 day & Hindlimb Unloaded & 90 day & Male
MT213_OD,9 month & Ambient Air & 14 day & Hindlimb Unloaded & 90 day & Male
MT213_OS,9 month & Ambient Air & 14 day & Hindlimb Unloaded & 90 day & Male
MT214_OD,9 month & Ambient Air & 14 day & Hindlimb Unloaded & 90 day & Male
MT214_OS,9 month & Ambient Air & 14 day & Hindlimb Unloaded & 90 day & Male
MT215_OD,9 month & Ambient Air & 14 day & Hindlimb Unloaded & 90 day & Male
MT215_OS,9 month & Ambient Air & 14 day & Hindlimb Unloaded & 90 day & Male
MT216_OD,9 month & Ambient Air & 14 day & Hindlimb Unloaded & 90 day & Male
MT216_OS,9 month & Ambient Air & 14 day & Hindlimb Unloaded & 90 day & Male
MT217_OD,9 month & Ambient Air & 14 day & Hindlimb Unloaded & 90 day & Male
MT217_OS,9 month & Ambient Air & 14 day & Hindlimb Unloaded & 90 day & Male
MT218_OD,9 month & Ambient Air & 14 day & Hindlimb Unloaded & 90 day & Male
MT218_OS,9 month & Ambient Air & 14 day & Hindlimb Unloaded & 90 day & Male
MT219_OD,9 month & Ambient Air & Not Applicable & Normally Loaded Control & Not Applicable & Male
MT219_OS,9 month & Ambient Air & Not Applicable & Normally Loaded Control & Not Applicable & Male
MT21_OD,3 month & Ambient Air & Not Applicable & Hindlimb Unloaded & 90 day & Male
MT21_OS,3 month & Ambient Air & Not Applicable & Hindlimb Unloaded & 90 day & Male
MT220_OD,9 month & Ambient Air & Not Applicable & Normally Loaded Control & Not Applicable & Male
MT220_OS,9 month & Ambient Air & Not Applicable & Normally Loaded Control & Not Applicable & Male
MT221_OD,9 month & Ambient Air & Not Applicable & Normally Loaded Control & Not Applicable & Male
MT221_OS,9 month & Ambient Air & Not Applicable & Normally Loaded Control & Not Applicable & Male
MT222_OD,9 month & Ambient Air & Not Applicable & Normally Loaded Control & Not Applicable & Male
MT222_OS,9 month & Ambient Air & Not Applicable & Normally Loaded Control & Not Applicable & Male
MT223_OD,9 month & Ambient Air & Not Applicable & Normally Loaded Control & Not Applicable & Male
MT223_OS,9 month & Ambient Air & Not Applicable & Normally Loaded Control & Not Applicable & Male
MT224_OD,9 month & Ambient Air & Not Applicable & Normally Loaded Control & Not Applicable & Male
MT224_OS,9 month & Ambient Air & Not Applicable & Normally Loaded Control & Not Applicable & Male
MT225_OD,9 month & Ambient Air & Not Applicable & Normally Loaded Control & Not Applicable & Male
MT225_OS,9 month & Ambient Air & Not Applicable & Normally Loaded Control & Not Applicable & Male
MT226_OD,9 month & Ambient Air & Not Applicable & Normally Loaded Control & Not Applicable & Male
MT226_OS,9 month & Ambient Air & Not Applicable & Normally Loaded Control & Not Applicable & Male
MT227_OD,9 month & Ambient Air & Not Applicable & Normally Loaded Control & Not Applicable & Male
MT227_OS,9 month & Ambient Air & Not Applicable & Normally Loaded Control & Not Applicable & Male
MT228_OD,9 month & Ambient Air & Not Applicable & Hindlimb Unloaded & 7 day & Male
MT228_OS,9 month & Ambient Air & Not Applicable & Hindlimb Unloaded & 7 day & Male
MT229_OD,9 month & Ambient Air & Not Applicable & Normally Loaded Control & Not Applicable & Male
MT229_OS,9 month & Ambient Air & Not Applicable & Normally Loaded Control & Not Applicable & Male
MT230_OD,9 month & Ambient Air & Not Applicable & Hindlimb Unloaded & 7 day & Male
MT230_OS,9 month & Ambient Air & Not Applicable & Hindlimb Unloaded & 7 day & Male
MT233_OD,9 month & Ambient Air & Not Applicable & Normally Loaded Control & Not Applicable & Male
MT233_OS,9 month & Ambient Air & Not Applicable & Normally Loaded Control & Not Applicable & Male
MT234_OD,9 month & Ambient Air & Not Applicable & Hindlimb Unloaded & 7 day & Male
MT234_OS,9 month & Ambient Air & Not Applicable & Hindlimb Unloaded & 7 day & Male
MT239_OD,9 month & Ambient Air & 7 day & Hindlimb Unloaded & 90 day & Male
MT239_OS,9 month & Ambient Air & 7 day & Hindlimb Unloaded & 90 day & Male
MT23_OD,3 month & Ambient Air & Not Applicable & Hindlimb Unloaded & 90 day & Male
MT23_OS,3 month & Ambient Air & Not Applicable & Hindlimb Unloaded & 90 day & Male
MT240_OD,9 month & Ambient Air & 28 day & Hindlimb Unloaded & 90 day & Male
MT240_OS,9 month & Ambient Air & 28 day & Hindlimb Unloaded & 90 day & Male
MT241_OD,9 month & Ambient Air & 7 day & Hindlimb Unloaded & 90 day & Male
MT241_OS,9 month & Ambient Air & 7 day & Hindlimb Unloaded & 90 day & Male
MT242_OD,9 month & Ambient Air & Not Applicable & Normally Loaded Control & Not Applicable & Male
MT242_OS,9 month & Ambient Air & Not Applicable & Normally Loaded Control & Not Applicable & Male
MT244_OD,9 month & Ambient Air & 28 day & Hindlimb Unloaded & 90 day & Male
MT244_OS,9 month & Ambient Air & 28 day & Hindlimb Unloaded & 90 day & Male
MT245_OD,9 month & Ambient Air & 28 day & Hindlimb Unloaded & 90 day & Male
MT245_OS,9 month & Ambient Air & 28 day & Hindlimb Unloaded & 90 day & Male
MT246_OD,9 month & Ambient Air & 7 day & Hindlimb Unloaded & 90 day & Male
MT246_OS,9 month & Ambient Air & 7 day & Hindlimb Unloaded & 90 day & Male
MT248_OD,9 month & Ambient Air & Not Applicable & Normally Loaded Control & Not Applicable & Male
MT248_OS,9 month & Ambient Air & Not Applicable & Normally Loaded Control & Not Applicable & Male
MT249_OD,9 month & Ambient Air & Not Applicable & Not Available & Not Available & Male
MT249_OS,9 month & Ambient Air & Not Applicable & Not Available & Not Available & Male
MT24_OD,3 month & Ambient Air & Not Applicable & Normally Loaded Control & Not Applicable & Male
MT24_OS,3 month & Ambient Air & Not Applicable & Normally Loaded Control & Not Applicable & Male
MT251_OD,9 month & Ambient Air & Not Available & Not Available & Not Available & Male
MT251_OS,9 month & Ambient Air & Not Available & Not Available & Not Available & Male
MT252_OD,9 month & Ambient Air & Not Available & Not Available & Not Available & Male
MT252_OS,9 month & Ambient Air & Not Available & Not Available & Not Available & Male
MT253_OD,9 month & Ambient Air & Not Available & Not Available & Not Available & Male
MT253_OS,9 month & Ambient Air & Not Available & Not Available & Not Available & Male
MT254_OD,9 month & Ambient Air & Not Available & Not Available & Not Available & Male
MT254_OS,9 month & Ambient Air & Not Available & Not Available & Not Available & Male
MT255_OD,9 month & Ambient Air & Not Available & Not Available & Not Available & Male
MT255_OS,9 month & Ambient Air & Not Available & Not Available & Not Available & Male
MT256_OD,9 month & Ambient Air & Not Available & Not Available & Not Available & Male
MT256_OS,9 month & Ambient Air & Not Available & Not Available & Not Available & Male
MT257_OD,9 month & Ambient Air & Not Available & Not Available & Not Available & Male
MT257_OS,9 month & Ambient Air & Not Available & Not Available & Not Available & Male
MT258_OD,9 month & Ambient Air & Not Applicable & Normally Loaded Control & Not Applicable & Male
MT258_OS,9 month & Ambient Air & Not Applicable & Normally Loaded Control & Not Applicable & Male
MT259_OD,3 month & Ambient Air & 14 day & Hindlimb Unloaded & 90 day & Male
MT259_OS,3 month & Ambient Air & 14 day & Hindlimb Unloaded & 90 day & Male
MT25_OD,3 month & Ambient Air & 28 day & Hindlimb Unloaded & 90 day & Male
MT25_OS,3 month & Ambient Air & 28 day & Hindlimb Unloaded & 90 day & Male
MT261_OD,3 month & Ambient Air & 14 day & Hindlimb Unloaded & 90 day & Male
MT261_OS,3 month & Ambient Air & 14 day & Hindlimb Unloaded & 90 day & Male
MT263_OD,3 month & Ambient Air & 14 day & Hindlimb Unloaded & 90 day & Male
MT263_OS,3 month & Ambient Air & 14 day & Hindlimb Unloaded & 90 day & Male
MT264_OD,3 month & Ambient Air & 14 day & Hindlimb Unloaded & 90 day & Male
MT264_OS,3 month & Ambient Air & 14 day & Hindlimb Unloaded & 90 day & Male
MT265_OD,3 month & Ambient Air & 14 day & Hindlimb Unloaded & 90 day & Male
MT265_OS,3 month & Ambient Air & 14 day & Hindlimb Unloaded & 90 day & Male
MT266_OD,3 month & Ambient Air & 14 day & Hindlimb Unloaded & 90 day & Male
MT266_OS,3 month & Ambient Air & 14 day & Hindlimb Unloaded & 90 day & Male
MT267_OD,3 month & Ambient Air & 7 day & Hindlimb Unloaded & 90 day & Male
MT267_OS,3 month & Ambient Air & 7 day & Hindlimb Unloaded & 90 day & Male
MT269_OD,3 month & Ambient Air & 7 day & Hindlimb Unloaded & 90 day & Male
MT269_OS,3 month & Ambient Air & 7 day & Hindlimb Unloaded & 90 day & Male
MT270_OD,3 month & Ambient Air & 7 day & Hindlimb Unloaded & 90 day & Male
MT270_OS,3 month & Ambient Air & 7 day & Hindlimb Unloaded & 90 day & Male
MT271_OD,3 month & Ambient Air & Not Applicable & Normally Loaded Control & Not Applicable & Male
MT271_OS,3 month & Ambient Air & Not Applicable & Normally Loaded Control & Not Applicable & Male
MT272_OD,3 month & Ambient Air & Not Applicable & Normally Loaded Control & Not Applicable & Male
MT272_OS,3 month & Ambient Air & Not Applicable & Normally Loaded Control & Not Applicable & Male
MT273_OD,3 month & Ambient Air & Not Applicable & Normally Loaded Control & Not Applicable & Male
MT273_OS,3 month & Ambient Air & Not Applicable & Normally Loaded Control & Not Applicable & Male
MT274_OD,3 month & Ambient Air & Not Applicable & Normally Loaded Control & Not Applicable & Male
MT274_OS,3 month & Ambient Air & Not Applicable & Normally Loaded Control & Not Applicable & Male
MT275_OD,3 month & Ambient Air & Not Applicable & Normally Loaded Control & Not Applicable & Male
MT275_OS,3 month & Ambient Air & Not Applicable & Normally Loaded Control & Not Applicable & Male
MT276_OD,3 month & Ambient Air & Not Applicable & Normally Loaded Control & Not Applicable & Male
MT276_OS,3 month & Ambient Air & Not Applicable & Normally Loaded Control & Not Applicable & Male
MT277_OD,3 month & Ambient Air & Not Applicable & Normally Loaded Control & Not Applicable & Male
MT277_OS,3 month & Ambient Air & Not Applicable & Normally Loaded Control & Not Applicable & Male
MT278_OD,3 month & Ambient Air & Not Applicable & Normally Loaded Control & Not Applicable & Male
MT278_OS,3 month & Ambient Air & Not Applicable & Normally Loaded Control & Not Applicable & Male
MT279_OD,3 month & Ambient Air & Not Applicable & Normally Loaded Control & Not Applicable & Male
MT279_OS,3 month & Ambient Air & Not Applicable & Normally Loaded Control & Not Applicable & Male
MT280_OD,3 month & Ambient Air & Not Applicable & Normally Loaded Control & Not Applicable & Male
MT280_OS,3 month & Ambient Air & Not Applicable & Normally Loaded Control & Not Applicable & Male
MT281_OD,9 month & Ambient Air & Not Applicable & Not Available & Not Available & Male
MT281_OS,9 month & Ambient Air & Not Applicable & Not Available & Not Available & Male
MT283_OD,9 month & Ambient Air & Not Applicable & Not Available & Not Available & Male
MT283_OS,9 month & Ambient Air & Not Applicable & Not Available & Not Available & Male
MT286_OD,9 month & Ambient Air & Not Applicable & Normally Loaded Control & Not Applicable & Male
MT286_OS,9 month & Ambient Air & Not Applicable & Normally Loaded Control & Not Applicable & Male
MT287_OD,9 month & Ambient Air & Not Applicable & Not Available & Not Available & Male
MT287_OS,9 month & Ambient Air & Not Applicable & Not Available & Not Available & Male
MT289_OD,9 month & Ambient Air & Not Applicable & Not Available & Not Available & Male
MT289_OS,9 month & Ambient Air & Not Applicable & Not Available & Not Available & Male
MT28_OD,3 month & Ambient Air & Not Applicable & Normally Loaded Control & Not Applicable & Male
MT28_OS,3 month & Ambient Air & Not Applicable & Normally Loaded Control & Not Applicable & Male
MT291_OD,9 month & Ambient Air & Not Applicable & Not Available & Not Available & Male
MT291_OS,9 month & Ambient Air & Not Applicable & Not Available & Not Available & Male
MT293_OD,3 month & Ambient Air & Not Applicable & Normally Loaded Control & Not Applicable & Male
MT293_OS,3 month & Ambient Air & Not Applicable & Normally Loaded Control & Not Applicable & Male
MT296_OD,3 month & Ambient Air & Not Applicable & Normally Loaded Control & Not Applicable & Male
MT296_OS,3 month & Ambient Air & Not Applicable & Normally Loaded Control & Not Applicable & Male
MT297_OD,3 month & Ambient Air & 90 day & Hindlimb Unloaded & 90 day & Male
MT297_OS,3 month & Ambient Air & 90 day & Hindlimb Unloaded & 90 day & Male
MT299_OD,3 month & Ambient Air & 90 day & Hindlimb Unloaded & 90 day & Male
MT299_OS,3 month & Ambient Air & 90 day & Hindlimb Unloaded & 90 day & Male
MT301_OD,3 month & Ambient Air & 90 day & Hindlimb Unloaded & 90 day & Male
MT301_OS,3 month & Ambient Air & 90 day & Hindlimb Unloaded & 90 day & Male
MT302_OD,3 month & Ambient Air & Not Applicable & Normally Loaded Control & Not Applicable & Male
MT302_OS,3 month & Ambient Air & Not Applicable & Normally Loaded Control & Not Applicable & Male
MT303_OD,3 month & Ambient Air & Not Applicable & Normally Loaded Control & Not Applicable & Male
MT303_OS,3 month & Ambient Air & Not Applicable & Normally Loaded Control & Not Applicable & Male
MT304_OD,9 month & elevated carbon dioxide treatment & 90 day & Hindlimb Unloaded & 90 day & Male
MT304_OS,9 month & elevated carbon dioxide treatment & 90 day & Hindlimb Unloaded & 90 day & Male
MT305_OD,3 month & Ambient Air & Not Applicable & Baseline & Not Applicable & Male
MT305_OS,3 month & Ambient Air & Not Applicable & Baseline & Not Applicable & Male
MT306_OD,3 month & Ambient Air & Not Applicable & Baseline & Not Applicable & Male
MT306_OS,3 month & Ambient Air & Not Applicable & Baseline & Not Applicable & Male
MT307_OD,3 month & Ambient Air & Not Applicable & Baseline & Not Applicable & Male
MT307_OS,3 month & Ambient Air & Not Applicable & Baseline & Not Applicable & Male
MT308_OD,3 month & Ambient Air & Not Applicable & Baseline & Not Applicable & Male
MT308_OS,3 month & Ambient Air & Not Applicable & Baseline & Not Applicable & Male
MT309_OD,3 month & Ambient Air & Not Applicable & Baseline & Not Applicable & Male
MT309_OS,3 month & Ambient Air & Not Applicable & Baseline & Not Applicable & Male
MT310_OD,3 month & Ambient Air & Not Applicable & Baseline & Not Applicable & Male
MT310_OS,3 month & Ambient Air & Not Applicable & Baseline & Not Applicable & Male
MT319_OD,9 month & elevated carbon dioxide treatment & 90 day & Hindlimb Unloaded & 90 day & Male
MT319_OS,9 month & elevated carbon dioxide treatment & 90 day & Hindlimb Unloaded & 90 day & Male
MT320_OD,9 month & elevated carbon dioxide treatment & Not Applicable & Normally Loaded Control & Not Applicable & Male
MT320_OS,9 month & elevated carbon dioxide treatment & Not Applicable & Normally Loaded Control & Not Applicable & Male
MT321_OD,9 month & elevated carbon dioxide treatment & 90 day & Hindlimb Unloaded & 90 day & Male
MT321_OS,9 month & elevated carbon dioxide treatment & 90 day & Hindlimb Unloaded & 90 day & Male
MT322_OD,9 month & elevated carbon dioxide treatment & Not Applicable & Normally Loaded Control & Not Applicable & Male
MT322_OS,9 month & elevated carbon dioxide treatment & Not Applicable & Normally Loaded Control & Not Applicable & Male
MT324_OD,9 month & elevated carbon dioxide treatment & 90 day & Hindlimb Unloaded & 90 day & Male
MT324_OS,9 month & elevated carbon dioxide treatment & 90 day & Hindlimb Unloaded & 90 day & Male
MT328_OD,9 month & elevated carbon dioxide treatment & Not Applicable & Normally Loaded Control & Not Applicable & Male
MT328_OS,9 month & elevated carbon dioxide treatment & Not Applicable & Normally Loaded Control & Not Applicable & Male
MT329_OD,9 month & elevated carbon dioxide treatment & 90 day & Hindlimb Unloaded & 90 day & Male
MT329_OS,9 month & elevated carbon dioxide treatment & 90 day & Hindlimb Unloaded & 90 day & Male
MT32_OD,3 month & Ambient Air & Not Applicable & Normally Loaded Control & Not Applicable & Male
MT32_OS,3 month & Ambient Air & Not Applicable & Normally Loaded Control & Not Applicable & Male
MT330_OD,9 month & elevated carbon dioxide treatment & 90 day & Hindlimb Unloaded & 90 day & Male
MT330_OS,9 month & elevated carbon dioxide treatment & 90 day & Hindlimb Unloaded & 90 day & Male
MT334_OD,9 month & elevated carbon dioxide treatment & Not Applicable & Hindlimb Unloaded & 90 day & Male
MT334_OS,9 month & elevated carbon dioxide treatment & Not Applicable & Hindlimb Unloaded & 90 day & Male
MT335_OD,9 month & elevated carbon dioxide treatment & 90 day & Hindlimb Unloaded & 90 day & Male
MT335_OS,9 month & elevated carbon dioxide treatment & 90 day & Hindlimb Unloaded & 90 day & Male
MT336_OD,9 month & elevated carbon dioxide treatment & Not Applicable & Normally Loaded Control & Not Applicable & Male
MT336_OS,9 month & elevated carbon dioxide treatment & Not Applicable & Normally Loaded Control & Not Applicable & Male
MT353_OD,9 month & Ambient Air & Not Applicable & Normally Loaded Control & Not Applicable & Male
MT353_OS,9 month & Ambient Air & Not Applicable & Normally Loaded Control & Not Applicable & Male
MT355_OD,9 month & Ambient Air & Not Applicable & Normally Loaded Control & Not Applicable & Male
MT355_OS,9 month & Ambient Air & Not Applicable & Normally Loaded Control & Not Applicable & Male
MT357_OD,9 month & Ambient Air & Not Applicable & Normally Loaded Control & Not Applicable & Male
MT357_OS,9 month & Ambient Air & Not Applicable & Normally Loaded Control & Not Applicable & Male
MT359_OD,9 month & elevated carbon dioxide treatment & Not Applicable & Hindlimb Unloaded & 90 day & Male
MT359_OS,9 month & elevated carbon dioxide treatment & Not Applicable & Hindlimb Unloaded & 90 day & Male
MT35_OD,3 month & Ambient Air & 28 day & Hindlimb Unloaded & 90 day & Male
MT35_OS,3 month & Ambient Air & 28 day & Hindlimb Unloaded & 90 day & Male
MT360_OD,9 month & Ambient Air & Not Applicable & Hindlimb Unloaded & 90 day & Male
MT360_OS,9 month & Ambient Air & Not Applicable & Hindlimb Unloaded & 90 day & Male
MT361_OD,9 month & elevated carbon dioxide treatment & Not Applicable & Hindlimb Unloaded & 90 day & Male
MT361_OS,9 month & elevated carbon dioxide treatment & Not Applicable & Hindlimb Unloaded & 90 day & Male
MT362_OD,9 month & Ambient Air & Not Applicable & Hindlimb Unloaded & 90 day & Male
MT362_OS,9 month & Ambient Air & Not Applicable & Hindlimb Unloaded & 90 day & Male
MT363_OD,9 month & elevated carbon dioxide treatment & Not Applicable & Hindlimb Unloaded & 90 day & Male
MT363_OS,9 month & elevated carbon dioxide treatment & Not Applicable & Hindlimb Unloaded & 90 day & Male
MT364_OD,9 month & Ambient Air & Not Applicable & Hindlimb Unloaded & 90 day & Male
MT364_OS,9 month & Ambient Air & Not Applicable & Hindlimb Unloaded & 90 day & Male
MT365_OD,9 month & elevated carbon dioxide treatment & Not Applicable & Hindlimb Unloaded & 90 day & Male
MT365_OS,9 month & elevated carbon dioxide treatment & Not Applicable & Hindlimb Unloaded & 90 day & Male
MT36_OD,3 month & Ambient Air & Not Applicable & Normally Loaded Control & Not Applicable & Male
MT36_OS,3 month & Ambient Air & Not Applicable & Normally Loaded Control & Not Applicable & Male
MT37_OD,3 month & Ambient Air & Not Applicable & Normally Loaded Control & Not Applicable & Male
MT37_OS,3 month & Ambient Air & Not Applicable & Normally Loaded Control & Not Applicable & Male
MT381_OD,9 month & Ambient Air & Not Applicable & Baseline & Not Applicable & Male
MT381_OS,9 month & Ambient Air & Not Applicable & Baseline & Not Applicable & Male
MT382_OD,9 month & Ambient Air & Not Applicable & Baseline & Not Applicable & Male
MT382_OS,9 month & Ambient Air & Not Applicable & Baseline & Not Applicable & Male
MT383_OD,9 month & Ambient Air & Not Applicable & Baseline & Not Applicable & Male
MT383_OS,9 month & Ambient Air & Not Applicable & Baseline & Not Applicable & Male
MT384_OD,9 month & Ambient Air & Not Applicable & Baseline & Not Applicable & Male
MT384_OS,9 month & Ambient Air & Not Applicable & Baseline & Not Applicable & Male
MT385_OD,9 month & Ambient Air & Not Applicable & Baseline & Not Applicable & Male
MT385_OS,9 month & Ambient Air & Not Applicable & Baseline & Not Applicable & Male
MT386_OD,9 month & Ambient Air & Not Applicable & Baseline & Not Applicable & Male
MT386_OS,9 month & Ambient Air & Not Applicable & Baseline & Not Applicable & Male
MT388_OD,9 month & Ambient Air & Not Applicable & Baseline & Not Applicable & Male
MT388_OS,9 month & Ambient Air & Not Applicable & Baseline & Not Applicable & Male
MT39_OD,3 month & Ambient Air & Not Applicable & Normally Loaded Control & Not Applicable & Male
MT39_OS,3 month & Ambient Air & Not Applicable & Normally Loaded Control & Not Applicable & Male
MT42_OD,3 month & Ambient Air & Not Applicable & Normally Loaded Control & Not Applicable & Male
MT42_OS,3 month & Ambient Air & Not Applicable & Normally Loaded Control & Not Applicable & Male
MT51_OD,3 month & Ambient Air & Not Applicable & Hindlimb Unloaded & 7 day & Male
MT51_OS,3 month & Ambient Air & Not Applicable & Hindlimb Unloaded & 7 day & Male
MT52_OD,3 month & Ambient Air & Not Applicable & Normally Loaded Control & Not Applicable & Male
MT52_OS,3 month & Ambient Air & Not Applicable & Normally Loaded Control & Not Applicable & Male
MT54_OD,3 month & Ambient Air & Not Applicable & Hindlimb Unloaded & 90 day & Male
MT54_OS,3 month & Ambient Air & Not Applicable & Hindlimb Unloaded & 90 day & Male
MT56_OD,3 month & Ambient Air & Not Applicable & Hindlimb Unloaded & 7 day & Male
MT56_OS,3 month & Ambient Air & Not Applicable & Hindlimb Unloaded & 7 day & Male
MT59_OD,3 month & Ambient Air & Not Applicable & Hindlimb Unloaded & 7 day & Male
MT59_OS,3 month & Ambient Air & Not Applicable & Hindlimb Unloaded & 7 day & Male
MT60_OD,3 month & Ambient Air & Not Applicable & Normally Loaded Control & Not Applicable & Male
MT60_OS,3 month & Ambient Air & Not Applicable & Normally Loaded Control & Not Applicable & Male
MT62_OD,3 month & Ambient Air & Not Applicable & Normally Loaded Control & Not Applicable & Male
MT62_OS,3 month & Ambient Air & Not Applicable & Normally Loaded Control & Not Applicable & Male
MT63_OD,3 month & Ambient Air & Not Applicable & Hindlimb Unloaded & 28 day & Male
MT63_OS,3 month & Ambient Air & Not Applicable & Hindlimb Unloaded & 28 day & Male
MT64_OD,3 month & Ambient Air & Not Applicable & Normally Loaded Control & Not Applicable & Male
MT64_OS,3 month & Ambient Air & Not Applicable & Normally Loaded Control & Not Applicable & Male
MT65_OD,3 month & Ambient Air & Not Applicable & Normally Loaded Control & Not Applicable & Male
MT65_OS,3 month & Ambient Air & Not Applicable & Normally Loaded Control & Not Applicable & Male
MT66_OD,3 month & Ambient Air & Not Applicable & Hindlimb Unloaded & 14 day & Male
MT66_OS,3 month & Ambient Air & Not Applicable & Hindlimb Unloaded & 14 day & Male
MT68_OD,3 month & Ambient Air & Not Applicable & Normally Loaded Control & Not Applicable & Male
MT68_OS,3 month & Ambient Air & Not Applicable & Normally Loaded Control & Not Applicable & Male
MT70_OD,3 month & Ambient Air & Not Applicable & Hindlimb Unloaded & 14 day & Male
MT70_OS,3 month & Ambient Air & Not Applicable & Hindlimb Unloaded & 14 day & Male
MT71_OD,3 month & Ambient Air & Not Applicable & Normally Loaded Control & Not Applicable & Male
MT71_OS,3 month & Ambient Air & Not Applicable & Normally Loaded Control & Not Applicable & Male
MT72_OD,3 month & Ambient Air & Not Applicable & Hindlimb Unloaded & 14 day & Male
MT72_OS,3 month & Ambient Air & Not Applicable & Hindlimb Unloaded & 14 day & Male
MT73_OD,3 month & Ambient Air & Not Applicable & Normally Loaded Control & Not Applicable & Male
MT73_OS,3 month & Ambient Air & Not Applicable & Normally Loaded Control & Not Applicable & Male
MT74_OD,3 month & Ambient Air & Not Applicable & Hindlimb Unloaded & 14 day & Male
MT74_OS,3 month & Ambient Air & Not Applicable & Hindlimb Unloaded & 14 day & Male
MT75_OD,3 month & Ambient Air & Not Applicable & Normally Loaded Control & Not Applicable & Male
MT75_OS,3 month & Ambient Air & Not Applicable & Normally Loaded Control & Not Applicable & Male
MT76_OD,3 month & Ambient Air & Not Applicable & Hindlimb Unloaded & 14 day & Male
MT76_OS,3 month & Ambient Air & Not Applicable & Hindlimb Unloaded & 14 day & Male
MT78_OD,3 month & Ambient Air & Not Applicable & Hindlimb Unloaded & 14 day & Male
MT78_OS,3 month & Ambient Air & Not Applicable & Hindlimb Unloaded & 14 day & Male
MT79_OD,3 month & Ambient Air & Not Applicable & Normally Loaded Control & Not Applicable & Male
MT79_OS,3 month & Ambient Air & Not Applicable & Normally Loaded Control & Not Applicable & Male
MT80_OD,3 month & Ambient Air & Not Applicable & Hindlimb Unloaded & 14 day & Male
MT80_OS,3 month & Ambient Air & Not Applicable & Hindlimb Unloaded & 14 day & Male
MT82_OD,3 month & Ambient Air & Not Applicable & Normally Loaded Control & Not Applicable & Male
MT82_OS,3 month & Ambient Air & Not Applicable & Normally Loaded Control & Not Applicable & Male
MT84_OD,9 month & Ambient Air & 90 day & Hindlimb Unloaded & 90 day & Male
MT84_OS,9 month & Ambient Air & 90 day & Hindlimb Unloaded & 90 day & Male
MT85_OD,9 month & Ambient Air & Not Applicable & Normally Loaded Control & Not Applicable & Male
MT85_OS,9 month & Ambient Air & Not Applicable & Normally Loaded Control & Not Applicable & Male
MT92_OD,9 month & Ambient Air & Not Applicable & Normally Loaded Control & Not Applicable & Male
MT92_OS,9 month & Ambient Air & Not Applicable & Normally Loaded Control & Not Applicable & Male
MT93_OD,9 month & Ambient Air & 90 day & Hindlimb Unloaded & 90 day & Male
MT93_OS,9 month & Ambient Air & 90 day & Hindlimb Unloaded & 90 day & Male
