identifier,name
Q9D7Y7,2210010C04Rik
Q05117,Acp5
A0A087WS43,Adm
Q91X79,Cela1
P05208,Cela2a
Q3UP47,Cfd
Q99KN2,Ciao1
Q7TPZ8,Cpa1
P15089,Cpa3
B2RS76,Cpb1
Q9CR35,Ctrb1
Q9ER05,Ctrl
D3Z512,Dnase2a
Q80TI0-4,Gramd1b
Q91W97,Hkdc1
P18608,Hmgn1
Q920D3,Med28
Q4FZE8,Mup1
A2BIN1,Mup10
P11589,Mup2
Q91X97,Ncald
B2RRE7,Otud4
Q148P2,Oxsm
Q792Y6,Prss2
B0LAE3,Ptn
Q545M7,Pvalb
Q3TV26,Reg1
Q8K2T2,Rnase1
P97352,S100a13
P07758,Serpina1a
Q0VGU4,Vgf
Q8K0C5,Zg16
A2CF80,0610010K14Rik
A0A0J9YTR2,0610012G03Rik
H7BXB9,1700037H04Rik
Q9D927,1810009N02Rik
Q9D809,2200002D01Rik
A0A0N4SUI7,2210013O21Rik
G3X8U3,2210016F16Rik
B1AV75,2610301B20Rik
Q5U452,2810408M09Rik
Q3TUY5,5730455P16Rik
Q8BQB5,6430548M08Rik
Q0VAW6,8030462N17Rik
Q19LI2,A1bg
Q9D2R0,Aacs
Q8R2R3,Aagab
Q3UHJ0-2,Aak1
D3Z442,Aamdc
Q3TJ22,Aamp
Q8BGQ7,Aars
P61922,Abat
Q9QY30,Abcb11
B2RUR3,Abcb1b
Q61102,Abcb7
P55096,Abcd3
P61222,Abce1
Q6P542,Abcf1
Q99LE6,Abcf2
Q8K268,Abcf3
Q8K4F5,Abhd11
E9QN99,Abhd14b
Q8VD66,Abhd4
Q9DBL9,Abhd5
Q8R2Y0,Abhd6
Q8CBW3,Abi1
Q8BYZ1,Abi3
Q8K4G5,Ablim1
E9QMV2,Abracl
Q921H8,Acaa1a
Q3UKM0,Acaa1b
Q8BWT1,Acaa2
Q5SWU9,Acaca
E9Q4Z2,Acacb
Q80XL6,Acad11
D3Z7X0,Acad12
Q9D7B6,Acad8
Q8JZN5,Acad9
A0A0R4J083,Acadl
P45952,Acadm
Q07417,Acads
Q9DBL1,Acadsb
P50544,Acadvl
Q6ZQK5-2,Acap2
Q8QZT1,Acat1
Q8CAY6,Acat2
Q8BMP6,Acbd3
Q14BV7,Acbd6
Q9JIX8-4,Acin1
Q3V117,Acly
Q8VDC3,aco1
P28271,Aco1
Q99KI0,Aco2
Q8VHQ9,Acot11
Q4VA32,Acot13
Q9QYR9,Acot2
E9PYH2,Acot7
Q9R0X4,Acot9
Q9R0H0-2,Acox1
Q4VAI2,Acp1
Q3U4F3,Acp2
Q8BP40,Acp6
Q99PU5,Acsbg1
Q8VCW8,Acsf2
Q3URE1,Acsf3
P41216,Acsl1
Q91YN3,Acsl4
Q3UNX5-2,Acsm3
Q9QXG4,Acss2
Q14DH7,Acss3
P62737,Acta2
P60710,Actb
Q4KL81,Actg1
Q505L1,Actl6a
A1BN54,Actn1
O88990,Actn3
Q3ULT2,Actn4
Q8R5C5,Actr1b
Q5SW83,Actr2
Q3ULF7,Actr3
A0A0R4J050,Acy1
Q91XE4,Acy3
P56376,Acyp1
P56375,Acyp2
Q4FK28,Ada
Q60936,Adck3
Q566J8,Adck4
Q80V03,Adck5
Q8K232,Add1
Q9QYB8,Add2
Q9QYB5,Add3
G5E8Q8,Adgrf5
Q3UKA4,Adh1
P28474,Adh5
Q64437,Adh7
A0A087WRE7,Adhfe1
Q99JT9,Adi1
Q60994,Adipoq
P55264,Adk
Q9Z103,Adnp
Q6PDY2,Ado
P54923,Adprh
Q8CG72,Adprhl2
Q9JKV1,Adrm1
E9Q242,Adsl
P46664,Adss
P28650-2,Adssl1
Q640N1,Aebp1
Q920A7,Afg3l1
Q8JZQ2,Afg3l2
O89020-3,Afm
Q80WT5-2,Aftph
Q3UPL5,Ag2
Q64191,Aga
Q8VHH5,Agap3
Q8K2K6,Agfg1
Q9ESW4,Agk
F8VPN4,Agl
O35083,Agpat1
Q8K3K7,Agpat2
M0QWP1,Agrn
Q3TF14,Ahcy
Q80SW1,Ahcyl1
F8WGT1,Ahcyl2
E9Q616,Ahnak
E9PYB0,Ahnak2
Q8BK64,Ahsa1
Q3TIU3,Ahsg
Q60F90,Ahsp
A2ALV5,AI481877
E9QNR6,AI837181
Q9EQX4,Aif1l
Q9Z0X1,Aifm1
Q8BUE4,Aifm2
P31230,Aimp1
Q8R010,Aimp2
O08915,Aip
Q9R0Y5-2,Ak1
Q9WTP6-2,Ak2
Q9WTP7,Ak3
Q3UYL0,Ak4
Q9WTQ5,Akap12
A2API8,Akap2
Q059U9,Akap8
Q9R0L7,Akap8l
Q70FJ1,Akap9
Q9JII6,Akr1a1
P45376,Akr1b1
G5E895,Akr1b10
Q5M9J9,Akr1b7
P45377,Akr1b8
Q8VC28,Akr1c13
Q8K023,Akr1c18
P70694,Akr1c6
Q80W25,Akr1cl
Q8VCX1,Akr1d1
Q9DCT1,Akr1e2
Q8CG76,Akr7a2
E9QKI4,Akt1s1
Q3TY95,Akt2
P10518,Alad
Q546G4,Alb
Q54AJ5,Alcam
Q571I9,Aldh16a1
P24549,Aldh1a1
Q62148,Aldh1a2
B2RTL5,Aldh1a7
Q9CZS1,Aldh1b1
Q8R0Y6,Aldh1l1
P47738,Aldh2
P47740,Aldh3a2
Q80VQ0,Aldh3b1
E9Q3E1,Aldh3b2
Q8CHT0,Aldh4a1
Q8BWF0,Aldh5a1
Q9EQ20,Aldh6a1
Q9DBF1,Aldh7a1
Q3THE7,Aldh9a1
Q5FWB7,Aldoa
Q91Y97,Aldob
P05063,Aldoc
Q9DBE8,Alg2
Q9DB25,Alg5
Q8K1E6,Alkbh3
Q920R0,Als2
O08583,Alyref
O09174,Amacr
Q07456,Ambp
Q8JZV7,Amdhd2
Q8K371,Amotl2
Q9DBT5,Ampd2
P00688,Amy2
Q8R034,Anapc13
Q3TBG7,Ang
Q02357-3,Ank1
Q810B6,Ankfy1
E9PUR0,Ankhd1
Q99NH0,Ankrd17
Q5SUE8,Ankrd40
O35381,Anp32a
Q9EST5-2,Anp32b
P97822,Anp32e
P97449,Anpep
P10107,Anxa1
P97384,Anxa11
P07356,Anxa2
O35639,Anxa3
P97429,Anxa4
P48036,Anxa5
F8WIT2,Anxa6
Q07076,Anxa7
O70423,Aoc3
O54754,Aox1
O35643,Ap1b1
Q3UKX8,Ap1g1
P35585,Ap1m1
P61967,Ap1s1
P17426,Ap2a1
P17427,Ap2a2
Q9DBG3,Ap2b1
P84091,Ap2m1
P62743,Ap2s1
Q9Z1T1,Ap3b1
O54774,Ap3d1
Q9JKC8,Ap3m1
Q9DCR2,Ap3s1
Q8R146,Apeh
Q544Z7,Apex1
O35841,Api5
Q9WVQ5,Apip
Q9D7N9,Apmap
Q00623,Apoa1
Q8K4Z3,Apoa1bp
P09813,Apoa2
P06728,Apoa4
P34928,Apoc1
P33622,Apoc3
Q61268,Apoc4
P51910,Apod
Q3UBS0,Apoe
Q01339,Apoh
Q9DCZ4-2,Apoo
Q78IK4,Apool
Q3TVS1,App
Q8K3H0,Appl1
Q3TB15,Appl2
P08030,Aprt
Q02013,Aqp1
Q8R5G7,Arap3
Q5XJY5,Arcn1
Q8BSL7,Arf2
Q3U344,Arf3
P61750,Arf4
P84084,Arf5
Q3U0D7,Arf6
V9GWV1,Arfgap1
Q99K28-2,Arfgap2
Q9D8S3,Arfgap3
A2A5R2,Arfgef2
E9Q3G5,Arfip1
Q8K221,Arfip2
Q61176,Arg1
Q3UL36,Arglu1
Q5FWK3,Arhgap1
Q3UIA2-3,Arhgap17
Q99PT1,Arhgdia
Q61599,Arhgdib
Q61210,Arhgef1
Q8R4H2,Arhgef12
Q9ES28-4,Arhgef7
E9Q4N7,Arid1b
P61211,Arl1
Q8BIX3,Arl14ep
Q9D0J4,Arl2
Q9D385,Arl2bp
Q9WUL7,Arl3
Q80ZW9,Arl6ip1
Q9JM93,Arl6ip4
Q8VEH3,Arl8a
Q9CQW2,Arl8b
Q9D7A8,Armc1
Q9D0L7,Armc10
A0A0G2JF52,Arpc1a
Q9WV32,Arpc1b
Q9CVB6,Arpc2
Q9JM76,Arpc3
P59999,Arpc4
Q9CPW4,Arpc5
A3KGQ6,Arpc5l
Q9D0A3,Arpin
P56212,Arpp19
P50428,Arsa
A0A0R4J138,Arsb
Q91WU5,As3mt
Q9WV54,Asah1
Q7SIG6,Asap2
Q91YI0,Asl
O54984,Asna1
Q61024,Asns
Q8BSY0,Asph
A6H6K1,Aspn
Q8VBT9-3,Aspscr1
Q8C0M9,Asrgl1
Q3UEJ7,Ass1
Q9D5T0,Atad1
Q925I1,Atad3
Q3TDQ5,Atg16l1
Q9CPX6,Atg3
Q99J83,Atg5
E9Q4H7,Athl1
Q9CWJ9,Atic
Q6PA06,Atl2
E9PYT3,Atl3
O08997,Atox1
Q8VDN2,Atp1a1
Q3UHK5,Atp1a2
P14094,Atp1b1
P97370,Atp1b3
Q8R429,Atp2a1
O55143-2,Atp2a2
Q03265,Atp5a1
P56480,Atp5b
Q3UD06,Atp5c1
Q9D0J2,Atp5d
Q545F5,Atp5e
Q5I0W0,Atp5f1
Q9DCX2,Atp5h
Q06185,Atp5i
P97450,Atp5j
P56135,Atp5j2
Q9CPQ8,Atp5l
Q9DB20,Atp5o
Q9CRA7,Atp5s
Q9DCX4,Atp5sl
Q9Z1G4-3,Atp6v0a1
D3Z3B2,Atp6v0c
P51863,Atp6v0d1
P50516,Atp6v1a
P62814,Atp6v1b2
Q9Z1G3,Atp6v1c1
Q3UJH5,Atp6v1d
P50518,Atp6v1e1
Q9D1K2,Atp6v1f
Q5HZY7,Atp6v1g1
Q8BVE3,Atp6v1h
A3R404,ATP8
Q811I0,Atpaf1
A0A0R4J1C5,Atpaf2
E9PV44,Atpif1
Q61687,Atrx
P28658,Atxn10
O70305-2,Atxn2
Q7TQH0-2,Atxn2l
Q3UD01,Atxn7l3b
Q9JLZ3,Auh
Q8C1D4,AW551984
Q64726,Azgp1
P01887,B2m
Q8BHT6,B3glct
Q3UI43,Babam1
Q60739-2,Bag1
Q91YN9,Bag2
Q9JLV1,Bag3
A6H6S8,Bag4
Q8CI32,Bag5
Q9Z1R2,Bag6
Q8BKX1,Baiap2
O54962,Banf1
Q9DCT6-2,Bap18
Q91XV3,Basp1
Q544Z6,Bax
Q9Z277,Baz1b
A0A0R4J0B5,BC017158
Q99K86,Bcam
Q61335,Bcap31
Q3U5M2,Bcas2
Q3ULU3,Bcat2
Q9CWI3,Bccip
Q99L69,Bckdha
Q6P3A8,Bckdhb
O55028,Bckdk
P59017,Bcl2l13
Q921K9,Bcl7b
Q8K019,Bclaf1
Q9CZP5,Bcs1l
P28653,Bgn
O35490,Bhmt
Q921C5,Bicd2
P70444,Bid
O08539-2,Bin1
D3Z6Q9,Bin2
O88738-2,Birc6
Q8VD62,Bles03
Q8R016,Blmh
D3Z4L7,Bloc1s1
Q5U5M8,Bloc1s3
Q9CY64,Blvra
Q3U6G1,Blvrb
O35607,Bmpr2
O55003,Bnip3
E9Q6J5-3,Bod1l
Q9D8S9,Bola1
Q8BGS2,Bola2
Q14A77,Bola3
E9Q2W8,Borcs5
P15327,Bpgm
Q8R164,Bphl
Q9Z0S1,Bpnt1
Q99MP8,Brap
Q9ESU6,Brd4
Q91VR8,Brk1
Q921C3,Brwd1
Q80Y55,Bsdc1
P18572,Bsg
Q8CIF4,Btd
Q64152,Btf3
Q9CQH7,Btf3l4
Q8BJE2,Btnl9
A0A140LHA2,Bub3
Q9CQC6,Bzw1
Q8R5L1,C1qbp
P01027,C3
P01029,C4b
P08607,C4bpa
P13634,Ca1
P00920,Ca2
P16015,Ca3
Q9QZA0,Ca5b
Q06138,Cab39
O08532-3,Cacna2d1
Q9CXW3,Cacybp
Q8R5M8-3,Cadm1
Q8CGU1,Calcoco1
Q8VCQ8,Cald1
Q3UKW2,Calm1
G3UZ90,Calm3
P14211,Calr
Q3TUF3,Calu
Q3UY68,Camk1
Q5SVI9,Camk2b
E9Q1W0,Camk2d
Q923T9-3,Camk2g
Q6ZQ38,Cand1
Q5SUC3,Canx
P40124,Cap1
Q3UJ44,Capg
O35350,Capn1
O08529,Capn2
A0A0R4IZW8,Capns1
Q60865,Caprin1
Q3UAS2,Capza1
Q5DQJ3,Capza2
P47757-4,Capzb
Q5M9P7,Carhsp1
J3QMM7,Carkd
Q9ER72,Cars
P56388-2,Cartpt
Q8K3W3,Casc3
O70589,Cask
Q6P9K8-3,Caskin1
P70677,Casp3
Q9D089,Casp6
O09165,Casq1
P51125-3,Cast
P24270,Cat
P49817,Cav1
Q9WVC3,Cav2
Q08024,Cbfb
B2RXY7,Cbr1
Q8K354,Cbr3
Q91VT4,Cbr4
Q8VEH6,Cbwd1
P83917,Cbx1
Q32P00,Cbx3
O55187,Cbx4
Q61686,Cbx5
Q8K1A6,Cc2d1a
Q8BRN9,Cc2d1b
Q8CH18,Ccar1
Q8VDP4,Ccar2
Q05CI8,Ccbl1
Q71RI9-2,Ccbl2
Q8VE99,Ccdc115
Q8R344,Ccdc12
Q9D8X2,Ccdc124
Q3UYG1,Ccdc160
E9PVB3,Ccdc175
Q9JIG7,Ccdc22
Q9CR29,Ccdc43
Q9D024,Ccdc47
F6UK66,Ccdc50
Q3URS9-2,Ccdc51
Q9CR27,Ccdc53
Q8R3Q6,Ccdc58
D3YZP9,Ccdc6
E9Q6B2,Ccdc85c
G3X927,Ccdc9
Q8C3X2,Ccdc90b
Q9D8L5,Ccdc91
Q7TQK5,Ccdc93
Q9Z1X0,Ccl27
Q9WU84,Ccs
Q3UHI0-2,Ccser2
Q6RUT7,Ccsmst1
Q542X7,Cct2
Q3U4U6,Cct3
Q3TII0,Cct4
P80316,Cct5
Q3TI05,Cct6a
Q8C5Q5,Cct7
Q6A0F1,Cct8
Q9WVS5,Cctq
Q921J7,Cd151
P11609,Cd1d1
E9QMY1,Cd200
Q9JLQ0,Cd2ap
Q3U4A3,Cd2bp2
Q8C2A1,Cd34
Q3UAI3,Cd36
P56528,Cd38
P15379-8,Cd44
Q61735-2,Cd47
Q9QWK4,Cd5l
Q3UC80,Cd63
A0A0R4J1C8,Cd68
P35762,Cd81
Q3UII2,Cd82
O89103,Cd93
Q9Z0M6,Cd97
Q8C1L8,Cd99
P56389,Cda
Q3TI84,Cdc16
Q99JP4,Cdc26
Q61081,Cdc37
P60766,Cdc42
Q7TT50,Cdc42bpb
A0A0R4J0S1,Cdc42ep1
Q9JM96,Cdc42ep4
Q6A068,Cdc5l
Q8JZM7,Cdc73
P15116,Cdh2
P55284,Cdh5
P24788,Cdk11b
Q69ZA1-2,Cdk13
Q545C3,Cdk4
Q543F6,Cdk5
Q8BP34,Cdkn1c
Q3U054,Cdkn2c
A2A6T1,Cdr2l
Q99L43,Cds2
Q4VAA2-2,Cdv3
Q3UPN9,Cebpb
Q91WM2,Cecr5
Q9CQ52,Cela3b
A0A0R4J0T5,Celf1
Q9QYM8,Cenph
Q9CXS4,Cenpv
Q62036,Cep131
P23953,Ces1c
Q8VCT4,Ces1d
Q91WU0,Ces1f
Q9R1K9,Cetn2
O35648,Cetn3
Q8BTU1,Cfap20
Q8C6E0,Cfap36
O88271,Cfdp1
P06909,Cfh
Q8R0I8,Cfhr2
Q61129,Cfi
P18760,Cfl1
P45591,Cfl2
A2AE15,Cfp
Q8BHG9,Cggbp1
Q6AW69-4,Cgnl1
Q7TNL9,Chchd10
Q9D1L0,Chchd2
Q9CRB9,Chchd3
Q8VEA4,Chchd4
Q9CQP3,Chchd5
E9Q4M4,Chchd6
Q8K2Q5,Chchd7
Q6PDQ2,Chd4
A2A8L1,Chd5
Q8BJ64,Chdh
G5E8I8,Cherp
P26339,Chga
P16014,Chgb
Q922Q9,Chid1
Q921W0,Chmp1a
Q99LU0,Chmp1b1
Q9DB34,Chmp2a
Q8BJF9,Chmp2b
Q9CQ10,Chmp3
Q9D8B3,Chmp4b
Q9D7S9,Chmp5
P0C0A3,Chmp6
Q8R1T1,Chmp7
Q9D1P4,Chordc1
P61022,Chp1
P0CG14,Chtf8
Q9CY57,Chtop
Q8WTY4,Ciapin1
P60824,Cirbp
Q91WS0,Cisd1
D3Z3X4,Cisd2
B2RWE3,Cisd3
Q8BMK4,Ckap4
A2AGT5,Ckap5
Q04447,Ckb
P07310,Ckm
P30275,Ckmt1
Q8BRT1,Clasp2
A7UKX1,Cldn1
Q8CFZ6,Clec3b
Q9Z1Q5,Clic1
Q9QYB1,Clic4
Q8BXK9,Clic5
Q99KN9,Clint1
Q922J3,Clip1
Q9Z0H8,Clip2
Q923F1,Clns1a
Q60649,Clpb
O88696,Clpp
Q9CQC2,Clps
Q9JHS4,Clpx
Q6PFA2,Clta
Q3TJ95,Cltb
Q68FD5,Cltc
Q549A5,Clu
Q5SW19-3,Cluh
Q8R4N0,Clybl
A4QPC5,Cma1
Q8R1G2,Cmbl
Q9CPZ8,Cmc1
Q8K199,Cmc2
Q9DBP5,Cmpk1
Q3U5Q7,Cmpk2
Q9DBC3,Cmtr1
Q70KF4,Cmya5
Q3U935,Cnbp
Q9D1A2,Cndp2
Q8CBQ2,Cnn1
Q08093,Cnn2
Q9DAW9,Cnn3
Q6ZQ08,Cnot1
Q8K0V4,Cnot3
Q3TYV5,Cnp
Q9QXT0,Cnpy2
Q9DAU1,Cnpy3
Q8BQ47,Cnpy4
Q5M8N0,Cnrip1
C9K0Z6,Cntfr
Q9D2R6,Coa3
Q8BT51,COA4
Q99M07,Coa5
Q8BGD8,Coa6
Q921H9,Coa7
Q9DBL7,Coasy
Q3UMF0-4,Cobll1
Q60847,Col12a1
Q80X19,Col14a1
O35206,Col15a1
P39061,Col18a1
P11087,Col1a1
Q3TX57,Col1a2
F6TGL6,Col22a1
P28481-7,Col2a1
Q7TT32,Col3a1
P02463,Col4a1
B2RQQ8,Col4a2
Q9EQG9,Col4a3bp
B1AWB9,Col5a1
Q3U962,Col5a2
Q04857,Col6a1
Q02788,Col6a2
E9PWQ3,Col6a3
A6H584,Col6a5
Q8C6K9,Col6a6
Q8K297,Colgalt1
Q8JZY2,Commd10
Q8BXC6,Commd2
Q63829,Commd3
Q3T9Z4,Commd4
Q8R395,Commd5
Q3V4B5,Commd6
Q8BQS7,Commd7
Q4QQP1,Commd8
Q8K2Q0,Commd9
O88587,Comt
Q8CIE6,Copa
Q9JIF7,Copb1
O55029,Copb2
O89079,Cope
Q9QZE5,Copg1
Q9QXK3,Copg2
Q3V3N6,Cops2
O88543,Cops3
Q14AI7,Cops4
O35864,Cops5
Q3UIT2,Cops6
Q9CZ04-2,Cops7a
Q8VBV7,Cops8
Q542M2,Copz1
Q3UQM8,Coq3
Q9CXI0,Coq5
Q8R1S0,Coq6
Q3TYT1,Coq7
Q8K1Z0,Coq9
Q3U1N0,Coro1a
A2RS22,Coro1b
Q9WUM4,Coro1c
Q8BH44,Coro2b
Q9D2V7,Coro7
Q9CQI6,Cotl1
Q8BJ03,Cox15
P56394,Cox17
A0A075DC90,COX2
Q9D7J4,Cox20
A2RSV8,Cox4i1
P12787,Cox5a
P19536,Cox5b
P43024,Cox6a1
P56391,Cox6b1
Q9CPQ1,Cox6c
A0A140LIU4,Cox7a1
P48771,Cox7a2
Q61387,Cox7a2l
Q5FW98,Cox7b
P17665,Cox7c
Q61147,Cp
Q504N0,Cpa2
Q543R4,Cpe
Q7TN98-5,Cpeb4
P84086,Cplx2
Q9DBB9,Cpn2
Q571A1,Cpne1
Q8BT60,Cpne3
P36552,Cpox
D3Z7F7,Cpped1
Q9WVJ3,Cpq
Q8C196,Cps1
Q9EPU4,Cpsf1
O35218,Cpsf2
A8Y5J3,Cpsf3l
H3BJW3,Cpsf6
Q8BTV2,Cpsf7
Q7TQD5,Cpt1a
Q924X2,Cpt1b
P52825,Cpt2
Q64735,Cr1l
P62965,Crabp1
H7BX88,Crat
Q543W0,Creb1
J3QP41,Creg1
A8C1T7,Creld1
Q9CYA0,Creld2
P63254,Crip1
Q9DCT8,Crip2
Q64010,Crk
P47941,Crkl
P97427,Crmp1
Q8CJ40,Crocc
P23927,Cryab
A7VMV2,Cryl1
P47199,Cryz
D3Z6I4,Cryzl1
Q9CZU6,Cs
Q9DBE0,Csad
Q3U1S6,Csde1
Q9ERK4,Cse1l
P41241,Csk
Q3U844,Csnk1a1
Q3UBT6,Csnk1d
Q60737,Csnk2a1
Q8BPF9,Csnk2a2
P67871,Csnk2b
Q4FJX4,Csrp1
P97314,Csrp2
P21460,Cst3
Q62426,Cstb
Q8BIQ5-2,Cstf2
Q8R311,Ctage5
O88712-2,Ctbp1
P56546-2,Ctbp2
Q8R242,Ctbs
Q61164,Ctcf
Q3U0S4,Ctdp1
Q8VCN5,Cth
P26231,Ctnna1
Q02248,Ctnnb1
Q3UJX2,Ctnnbl1
P30999-3,Ctnnd1
P70698,Ctps1
P16675,Ctsa
P10605,Ctsb
Q3TIF1,Ctsc
P18242,Ctsd
Q9R013,Ctsf
P49935,Ctsh
Q3TT75,Ctsl
Q8BM88,Ctso
Q8BSZ5,Ctss
Q9WUU7,Ctsz
Q60598,Cttn
B9EJA2-4,Cttnbp2
Q9CXX9,Cuedc2
Q9WTX6,Cul1
Q9JLV5,Cul3
Q3TCH7,Cul4a
Q9D5V5,Cul5
Q9CQ89,Cuta
F8WHX2,Cutc
Q9JHS9,Cwc15
Q3TKY6,Cwc27
Q8CI33,Cwf19l1
Q9WUQ5,Cxcl14
Q60720,Cyb561
Q544Z9,Cyb5a
Q9CQX2,Cyb5b
Q9DB73,Cyb5r1
Q9DCN2,Cyb5r3
Q9D0M3,Cyc1
Q56A15,Cycs
Q8BN80,Cygb
Q9QZ82,Cyp11a1
Q3TG86,Cyp11b1
P15539,Cyp11b2
P03940,Cyp21
Q9JKY7,Cyp2d22
Q05421,Cyp2e1
P33267,Cyp2f2
O88833,Cyp4a10
Q64462,Cyp4b1
Q3TXK1,Cyth3
Q9D172,D10Jhu81e
A0A0R4J104,Dab2
Q62165,Dag1
G3X9M0,Dap3
Q922B2,Dars
Q9JII5,Dazap1
Q64237,Dbh
Q4VWZ5,Dbi
Q9QXS6,Dbn1
Q62418,Dbnl
P53395,Dbt
P61963,Dcaf7
Q8N7N5,Dcaf8
Q8BHC4,Dcakd
Q3UKR1,Dcn
Q9DAR7,Dcps
E9Q586,Dctn1
Q3TPZ5,Dctn2
Q9Z0Y1,Dctn3
Q3TQY2,Dctn4
Q9WUB4,Dctn6
Q91X52,Dcxr
Q9CWS0,Ddah1
Q99LD8,Ddah2
Q3U1J4,Ddb1
O88533,Ddc
A2ADY9,Ddi2
O54734,Ddost
O35215,Ddt
Q91VR5,Ddx1
Q501J6,Ddx17
Q61655,Ddx19a
Q9JIK5,Ddx21
D3Z0M9,Ddx23
Q9Z1N5,Ddx39b
B9EKE9,Ddx3x
Q810A7,Ddx42
Q569Z5,Ddx46
Q5U222,Ddx5
Q99MJ9,Ddx50
A7YY79,Ddx58
P54823,Ddx6
Q4FJK0,Decr1
Q3TR93,Decr2
Q7TNV0,Dek
Q9CQJ6,Denr
B2ZRS7,Deptor
Q91YP3,Dera
Q99J56,Derl1
P31001,Des
O54786,Dffa
Q9Z2A7,Dgat1
O70279,Dgcr14
Q9QX60-2,Dguok
Q4FJX5,Dhcr7
Q9DBB8,Dhdh
P00375,Dhfr
O35435,Dhodh
Q99L04,Dhrs1
Q3U0B3,Dhrs11
Q3UIB5,Dhrs4
Q9CXR1,Dhrs7
Q99J47-2,Dhrs7b
Q3UKJ6,Dhx15
E9QNN1,Dhx9
Q7TPS3,Diablo
O08808,Diaph1
Q8C9B9,Dido1
Q9ESX5,Dkc1
Q9QUN9,Dkk3
Q8BMF4,Dlat
O08749,Dld
Q811D0-2,Dlg1
Q91XM9-4,Dlg2
Q52KF7,Dlg3
Q3UHD8,Dlgap1
B1AZP2,Dlgap4
Q09163-3,Dlk1
Q9D2G2,Dlst
Q9JI44,Dmap1
P11531,Dmd
Q9WV69,Dmtn
A0A140LIJ4,Dnah14
E9Q0B6,Dnah6
P63037,Dnaja1
Q9QYJ0,Dnaja2
Q99M87-3,Dnaja3
Q9QYJ3,Dnajb1
Q99KV1,Dnajb11
Q9QYI4,Dnajb12
Q3TB24,Dnajb2
Q9D832,Dnajb4
A0A0G2JER9,Dnajb6
Q5U458,Dnajc11
Q9CQV7,Dnajc19
E9Q9H3,Dnajc2
Q3USP3,Dnajc21
F7CGC9,Dnajc24
Q91YW3,Dnajc3
Q9QYI3,Dnajc7
Q6NZB0,Dnajc8
Q91WN1,Dnajc9
Q8K1M6-3,Dnm1l
P39054,Dnm2
Q8BZ98,Dnm3
Q9Z2W0,Dnpep
Q80VJ3,Dnph1
Q8R2M2,Dnttip2
Q8BUR4,Dock1
P31428,Dpep1
D3Z5N6,Dpf2
Q9CWQ0,Dph5
O70152,Dpm1
Q8BU29,Dpp3
Q3TR43,Dpp4
Q9ET22,Dpp7
Q9QZZ6,Dpt
Q99LT0,Dpy30
O08553,Dpysl2
Q3TT92,Dpysl3
Q91WV0,Dr1
Q5NBZ3,Drg1
Q9QXB9,Drg2
E9Q557,Dsp
Q9R0P5,Dstn
Q9DD18,Dtd1
Q8BHA3,Dtd2
P97930,Dtymk
Q9D7X3,Dusp3
Q9CQ43,Dut
Q9JHU4,Dync1h1
D6Q0F5,Dync1i2
Q8R1Q8,Dync1li1
Q6PDL0,Dync1li2
Q9D0M5,Dynll2
P62627,Dynlrb1
Q9D6M5,Dynlt3
Q9ESD7-2,Dysf
Q9D903,Ebna1bp2
Q4PZA2,Ece1
O35459,Ech1
Q9D9V3,Echdc1
Q3TLP5-2,Echdc2
Q9D7J9,Echdc3
Q8BH95,Echs1
P42125,Eci1
Q9WUR2,Eci2
Q61508,Ecm1
Q6PDI5-2,Ecm29
Q9QZH6,Ecsit
Q8K2D3,Edc3
Q3UJB9-2,Edc4
Q9JMG1,Edf1
P48299,Edn3
Q8BL66,Eea1
Q58E64,Eef1a1
P62631,Eef1a2
O70251,Eef1b
Q80T06,Eef1d
Q9D1M4,Eef1e1
Q9D8N0,Eef1g
P58252,Eef2
Q3TGW2,Eepd1
Q8BPB5,Efemp1
Q9D4J1,Efhd1
Q8C845,Efhd2
Q8BG67-2,Efr3a
O08810,Eftud2
Q5FW97,EG433182
Q9WVK4,Ehd1
Q8BH64,Ehd2
Q9QXY6,Ehd3
Q3TM70,Ehd4
Q9DBM2,Ehhadh
Q6X7S9,Eid2
P48024,Eif1
Q4FJR7,Eif1a
Q8BMJ3,Eif1ax
Q8BJW6,Eif2a
Q03963,Eif2ak2
Q99LD9,Eif2b2
B1AUN2,Eif2b3
Q6ZWX6,Eif2s1
Q3ULL5,Eif2s2
Q9Z0N1,Eif2s3x
P23116,Eif3a
Q8JZQ9,Eif3b
Q8R1B4,Eif3c
O70194,Eif3d
Q3UIG0,Eif3e
Q9DCH4,Eif3f
Q9Z1D1,Eif3g
Q5M9L0,Eif3h
Q9QZD9,Eif3i
Q3UGC7,Eif3j1
Q66JS6,Eif3j2
Q9DBZ5,Eif3k
Q8QZY1,Eif3l
Q99JX4,Eif3m
Q4FZL1,Eif4a1
Q52KC1,Eif4a2
Q91VC3,Eif4a3
Q8BGD9,Eif4b
Q3TK95,Eif4e
Q60876,Eif4ebp1
P70445,Eif4ebp2
Q6NZJ6,Eif4g1
G3XA17,Eif4g2
Q80XI3,Eif4g3
Q9WUK2,Eif4h
P59325,Eif5
A0A0A0MQM0,Eif5a
Q05D44,Eif5b
Q3U818,Eif6
P70372,Elavl1
Q99L85,Elp5
Q8C7X2,Emc1
Q3TAS6,Emc10
Q6A0D1,Emc2
Q9CZX9,Emc4
Q14C26,Emc7
Q3TTC9,Emc8
Q9R0H2-2,Emcn
Q99K41,Emilin1
Q05BC3-2,Eml1
Q7TNG5,Eml2
Q03173-5,Enah
O08600,Endog
Q545V3,Eno2
P21550,Eno3
Q8BGB7,Enoph1
Q52JJ6,Enpep
Q8BTJ4-2,Enpp4
P60840-2,Ensa
Q3TQC7,Entpd5
Q9JIX0,Eny2
P48193,Epb41
Q9Z2H5-3,Epb41l1
O70318,Epb41l2
Q9WV92-3,Epb41l3
P49222,Epb42
Q99M71,Epdr1
Q9D379,Ephx1
Q3UQ71,Ephx2
Q8VEH5,Epm2aip1
Q80VP1-2,Epn1
Q5NCM6,Epn2
Q8CGC7,Eprs
P42567,Eps15
Q60902,Eps15l1
Q08509,Eps8
Q9EQH2,Erap1
Q80TH2-1,Erbb2ip
V9GXP8,Erc1
Q69ZP5,Ergic1
P84089,Erh
Q9CWA6,Erlec1
Q8BFZ9,Erlin2
Q8R2E9,Ero1b
Q4FK57,Ero1l
Q9D8U3,Erp27
P57759,Erp29
Q9D1Q6,Erp44
Q925F2,Esam
Q9R0P3,Esd
Q3U7R1,Esyt1
Q3TZZ7,Esyt2
Q3TDF8,Etf1
Q99LC5,Etfa
Q9DCW4,Etfb
Q6PF96,Etfdh
Q9DCM0,Ethe1
P70429-2,Evl
Q61545,Ewsr1
D3YUP5,Exoc3l2
Q8R2R0,Exosc10
Q8VBV3,Exosc2
Q542B0,Exosc4
Q8BTW3,Exosc6
Q9D753,Exosc8
Q4KML7,Ezr
Q80YC5,F12
Q8BH61,F13a1
Q3TJ94,F2
A0JLY3,F9
P12710,Fabp1
P11404,Fabp3
A0A140T8V1,Fabp3-ps1
P04117,Fabp4
Q05816,Fabp5
Q5NDA4,Fabp7
Q61160,Fadd
F2WWK6,Fads2
Q3TDN2-2,Faf2
P35505,Fah
Q8R0F8,Fahd1
A0A0R4J094,Fahd2a
Q9CQY2,Fam103a1
H9H9T1,Fam107b
Q9D281,Fam114a1
Q8VE88,Fam114a2
Q6A0A9,FAM120A
Q8C3F2,Fam120c
Q3UW53,Fam129a
Q8R1F1,Fam129b
Q9CVI2,Fam133b
Q9CR98,Fam136a
Q9D6U8,Fam162a
Q91WE2,Fam192a
Q9CQB2,Fam195a
Q3UGS4,Fam195b
P58468,Fam207a
Q6PGL7,Fam21
Q8BGY7,Fam210a
Q9CYH2,Fam213a
Q9DB60,Fam213b
G3X9I1,Fam3c
Q8BHZ0,Fam49a
Q921M7,Fam49b
Q9WV03,Fam50a
B7ZMR0,Fam63a
Q6PDI6-3,Fam63b
Q80VD1,Fam98b
Q8C0C7,Farsa
Q9WUA2,Farsb
P19096,Fasn
Q91V99,fau
P62862,Fau
A2A870,Fbf1
Q3UJS2,Fbl
Q71FD7,Fblim1
Q9WVH9,Fbln5
A2AQ53,Fbn1
Q9QXD6,Fbp1
Q3USR5,Fbxo2
Q9QZN4,Fbxo6
Q61559,Fcgrt
Q3UQN2,Fcho2
Q3US29,Fdps
P46656,Fdx1
Q3UZ58,Fdxr
Q544X6,Fech
Q8C952,Fen1
Q3TLE2,Fermt2
Q8CB17,Fetub
Q6P395,Fez2
E9PV24,Fga
Q3TGR2,Fgb
Q6ZWS1,Fgf1
Q9CRA9,Fgfr1op2
Q3UER8,Fgg
P97807-2,Fh
E9PVU9,Fhit
A2AEX8,Fhl1
Q543D7,Fhl2
Q9R059,Fhl3
Q059P4,Filip1
Q9D824,Fip1l1
Q9CQ92,Fis1
P59024,Fkbp14
Q6P9Q6,Fkbp15
P26883,Fkbp1a
Q3TND1,Fkbp2
Q3UBU9,Fkbp3
P30416,Fkbp4
Q64378,Fkbp5
Q3UU11,Fkbp7
O35465-2,Fkbp8
Q9Z247,Fkbp9
Q8BTM8,Flna
Q80X90,Flnb
Q8VHX6-2,Flnc
O08917,Flot1
Q3UEG9,Flot2
P50285,Fmo1
Q8K2I3,Fmo2
P50608,Fmod
P35922-9,Fmr1
B9EHT6,Fn1
Q8K274,Fn3krp
Q8K012,Fnbp1l
Q61239,Fnta
P47930,Fosl2
P42128,Foxk1
P97376,Frg1
Q3UFK8,Frmd8
Q61553,Fscn1
P09528,Fth1
Q9CPX4,Ftl1
Q8BGW1,Fto
Q9DBE9,Ftsj3
Q3TUE1,Fubp1
Q3TIX6,Fubp3
Q9D6K8,Fundc2
Q8R2K1-2,Fuom
Q3USY4,Fus
Q8BHC9,Fut11
Q3TV21,Fxn
Q61584-3,Fxr1
Q6P5B5,Fxr2
O35601,Fyb
P97855,G3bp1
P97379,G3bp2
Q00612,G6pdx
P70699,Gaa
Q8R3R8,Gabarapl1
P60521,Gabarapl2
Q9CR59,Gadd45gip1
Q99KY4,Gak
P47212,Gal
Q8R059,Gale
Q80UL3,Galk1
Q3TSZ4,Galm
Q8CC47,Galns
O35969-2,Gamt
Q8BHN3,Ganab
Q5DU67,Ganc
P16858,Gapdh
Q6PAR5-2,Gapvd1
Q9CY66,Gar1
Q9CZD3,Gars
Q64737,Gart
Q8CHY6,Gatad2a
Q8VHR5,Gatad2b
O55126,Gbas
F6ZHD8,Gbe1
Q9Z0E6,Gbp2
P21614,Gc
O88986,Gcat
Q8CHG3,Gcc2
Q60759,Gcdh
Q05915,Gch1
Q3TEF1,Gclc
Q3T9P2,Gclm
E9PVA8,Gcn1
Q91WK5,Gcsh
Q69ZN0,Gda
P50396,Gdi1
Q61598,Gdi2
Q9D1H7,Get4
P03995,Gfap
P56213,Gfer
Q8K0D5,Gfm1
Q8R2Q4,Gfm2
P47856,Gfpt1
Q8R0H9,Gga1
E0CZ04,Ggact
B9EKG3,Ggh
Q9Z2A9,Ggt5
Q91VC9,Ghitm
Q9D7M1,Gid8
Q99MR1,Gigyf1
Q6Y7W8,Gigyf2
D3YTN4,Gimap4
Q9Z0G0,Gipc1
Q9Z2H7,Gipc2
Q68FF6,Git1
E9PVA6,Git2
Q3TAW7,Glb1
Q61543,Glg1
Q9CPU0,Glo1
Q9CPV4,Glod4
Q3U6L3,Glrx
Q3UQ95,Glrx2
Q9CQM9,Glrx3
Q80Y14,Glrx5
D3Z7P3-2,Gls
P26443,Glud1
P15105,Glul
Q91XE0,Glyat
D3YYT1,Glyr1
E9Q317,Gm10094
D3Z5M2,Gm10110
F6YVP7,Gm10260
P01642,Gm10881
A0A087WRN5,Gm13889
E9Q2Z4,Gm16494
E9PZF0,Gm20390
E9Q035,Gm20425
E9PY39,Gm20431
G3UZK1,Gm20503
B8JJN0,Gm20547
F7BGR7,Gm21992
A2A4P4,Gm27029
F7CZD1,Gm28036
G3XA10,Gm28062
Q5F1Z8,Gm2a
W4VSN7,Gm3550
E9QAY5,Gm37240
D3YUE0,Gm42641
Q8C000,Gm5124
Q7M754,Gm5409
J3QP80,Gm5814
P58929,Gmeb2
A7VJ98,Gmfb
Q3UNC0,Gmppa
Q8BTZ7,Gmppb
Q99L27,Gmpr2
Q3THK7,Gmps
Q3UPA1,Gna11
P08752,Gnai2
Q9DC51,Gnai3
P21279,Gnaq
Q6R0H7,Gnas
Q3TQ70,Gnb1
P62880,Gnb2
Q9CXP8,Gng10
A0A0N4SVT3,Gng12
P63213,Gng2
Q80SZ7,Gng5
Q52KE3,Gnl1
Q5I0T9,Gnmt
P98192,Gnpat
O88958,Gnpda1
D3YWR1,Gnpda2
Q6S5C2-2,Gnptg
Q8BFR4,Gns
Q921M4-2,Golga2
P55937-1,Golga3
Q91VW5,Golga4
E9QAH1,Golgb1
Q8BXA1,Golim4
Q9CRA5,Golph3
Q8BH60,Gopc
Q91X51,Gorasp1
Q3TX06,Gorasp2
P05201,Got1
P05202,Got2
A2A6A1,Gpatch8
P51655,Gpc4
P13707,Gpd1
Q3ULJ0-2,Gpd1l
Q64521,Gpd2
Q8BUV3,Gphn
P06745,Gpi
Q9D1N2,Gpihbp1
Q56A08,Gpkow
Q8VCU2,Gpld1
Q99P91,Gpnmb
Q5U4C1,Gprasp1
G3UXW9,Gps1
Q8QZR5,Gpt
Q8BGT5,Gpt2
P11352,Gpx1
P46412,Gpx3
Q76LV0,Gpx4
B1AT92,Grb2
O35127,Grcc10
Q3T9Z2,Grhpr
Q91ZU9,Grin3b
Q8VD04,Gripap1
Q3UC19,Grn
Q99LP6,Grpel1
Q8C5Q4,Grsf1
Q810D6,Grwd1
Q9WV60,Gsk3b
Q6PAC1,Gsn
Q8R050,Gspt1
P47791,Gsr
Q541E2,Gss
P13745,Gsta1
Q9DCU1,Gsta3
P24472,Gsta4
Q9DCM2,Gstk1
P10649,Gstm1
P15626,Gstm2
P48774,Gstm5
Q6PJ91,Gstm7
O09131,Gsto1
P19157,Gstp1
Q9DCY6,Gstt1
Q61133,Gstt2
Q99L20,Gstt3
Q9WVL0,Gstz1
Q3THK3,Gtf2f1
Q8R0A0,Gtf2f2
Q9ESZ8-3,Gtf2i
Q80YP4,Gucy1b3
Q64520,Guk1
P12265,Gusb
K3W4S6,Gyg
F7D1I5,Gypc
Q9Z1E4,Gys1
P10922,H1f0
A0A068BFU4,H2-Ab1
P01899,H2-D1
P01898,H2-Q10
P27661,H2afx
Q9QZQ8-2,H2afy
Q8CCK0,H2afy2
P0C0S6,H2afz
Q8K403,H2rsp
F8WI35,H3f3a
P02301,H3f3c
Q8CFX1,H6pd
Q78JT3,Haao
E9QKB2,Habp4
Q8K2C9,Hacd3
E9PWM4,Hacl1
Q61425,Hadh
Q8BMS1,Hadha
Q99JY0,Hadhb
G5E8T9,Hagh
Q9NYQ2,Hao2
Q61035,Hars
G5E823,Hars2
O35387,Hax1
Q91VB8,Hba-a1
P04443,Hbb-bh0
Q9CZK5,Hbb-bh1
P02104,Hbb-y
A8DUK4,Hbbt1
A0A0F7R1P3,HC
P53702,Hccs
Q61191,Hcfc1
P49710,Hcls1
Q58E49,Hdac1
A0A0R4J008,Hdac2
Q3SXD3,Hddc2
P51859,Hdgf
Q3UMU9,Hdgfrp2
Q9JMG7-2,Hdgfrp3
Q3UGR5,Hdhd2
Q9CYW4,Hdhd3
Q8VDJ3,Hdlbp
Q3UCP6,Hexa
Q3TXR9,Hexb
Q8R409,Hexim1
O09173,Hgd
Q99LI8,Hgs
Q3UDW8-2,Hgsnat
Q99L13,Hibadh
Q8QZS1,Hibch
P70349,Hint1
Q5M9J2,Hint2
Q8VD75,Hip1
P43275,Hist1h1a
P43276,Hist1h1b
Q5SZA3,Hist1h1c
Q149Z9,Hist1h1d
P43274,Hist1h1e
Q8CGP5,Hist1h2af
Q64475,Hist1h2bb
P68433,Hist1h3a
P84228,Hist1h3b
A1L0U3,Hist1h3e
A1L0V4,Hist1h3i
B2RWH3,Hist2h2aa1
Q64524,Hist2h2be
B2RTM0,Hist2h4
P17710,Hk1
O08528,Hk2
Q3UPG1,Hmbs
Q9DC33,Hmg20a
P17095,Hmga1
P52927,Hmga2
Q58EV5,Hmgb1
P30681,Hmgb2
O54879,Hmgb3
Q3UMP2,Hmgcl
Q8JZK9,Hmgcs1
Q8N7N8,Hmgcs2
F6W687,Hmgn2
A0A087WSB8,Hmgn3
Q9JL35,Hmgn5
O70252,Hmox2
P97825,Hn1
Q6PGH2,Hn1l
Q9CX86,Hnrnpa0
Q3TIK8,Hnrnpa1
O88569-2,Hnrnpa2b1
Q8BG05,Hnrnpa3
Q99020,Hnrnpab
Q9Z204-2,Hnrnpc
Q60668-3,Hnrnpd
F6VQH5,Hnrnpdl
Q9Z2X1,Hnrnpf
Q8C2Q7,Hnrnph1
P70333,Hnrnph2
D3Z3N4,Hnrnph3
Q5FWJ5,Hnrnpk
G5E924,Hnrnpl
Q921F4,Hnrnpll
Q3THB3,Hnrnpm
Q8VHM5,Hnrnpr
Q8VEK3,Hnrnpu
Q8VDM6,Hnrnpul1
Q00PI9,Hnrnpul2
Q99JP6,Homer3
Q5BKS5,Hook3
Q3UBS3,Hp
Z4YKB8,Hp1bp3
P62748,Hpcal1
P49429,Hpd
Q99KF5,Hprt
P00493,Hprt1
Q91X72,Hpx
Q9ESB3,Hrg
P52760,Hrsp12
Q3TC93,Hs1bp3
Q9CQZ1,Hsbp1
Q8K3A0,Hscb
Q3TJI8,Hsd11b1
Q99N15,Hsd17b10
Q9EQ06,Hsd17b11
O70503,Hsd17b12
P51660,Hsd17b4
P50171,Hsd17b8
Q3UI20,Hsd3b1
Q2TPA8,Hsdl2
Q80Y52,Hsp90aa1
P11499,Hsp90ab1
Q3UAD6,Hsp90b1
Q8K0U4,Hspa12a
Q8BM72,Hspa13
Q99M31-2,Hspa14
Q61696,Hspa1a
P17156,Hspa2
Q3U2G2,Hspa4
P48722,Hspa4l
P20029,Hspa5
P63017,Hspa8
P38647,Hspa9
Q545F4,Hspb1
Q9JK92,Hspb8
P63038,Hspd1
Q64433,Hspe1
E9PZ16,Hspg2
Q61699,Hsph1
Q9Z2G9,Htatip2
Q8BGC0,Htatsf1
Q80V84,Htra2
Q9JKR6,Hyou1
Q9CR41,Hypk
Q9DB29,Iah1
Q8BU30,Iars
Q8BIJ6,Iars2
Q8CAK1,Iba57
Q9DBD0,Ica
F6RPJ9,Ide
Q8C338,Idh1
P54071,Idh2
Q9D6R2,Idh3a
Q91VA7,Idh3b
P70404,Idh3g
G3XA48,Idi1
P15092-2,Ifi204
Q9D8C4,Ifi35
Q61249,Igbp1
Q5SF07,Igf2bp2
Q811C8,Igfbp7
Q58E61,Igh
A2NN81,Igh-V7183
A0A075B5P3,Ighg2b
P01872,Ighm
A0A075B5V1,Ighv1-31
A0A075B5Q6,Ighv5-9-1
A0A125T908,Igk
A2NHM3,Igkc
A0A0B4J1H7,Igkv1-135
A0A140T8Q1,Igkv12-41
A0A140T8M2,Igkv12-44
A0A140T8N3,Igkv13-84
A0A0B4J1I9,Igkv4-55
A0A0B4J1I8,Igkv4-59
A0A075B5M1,Igkv4-63
Q8VDD0,Igkv4-70
A0A075B5M7,Igkv5-39
A0A140T8N2,Igkv5-48
A0A140T8M5,Igkv6-15
A0A140T8Q3,Igkv6-17
A0A140T8N5,Igkv6-23
A0A0G2JE47,Igkv8-28
Q52L64,Igkv8-30
Q811M6,Igtp
Q8C2T9,Ik
Q8VC91,Ikbkg
Q9CXY6,Ilf2
Q9Z1X4-3,Ilf3
O55222,Ilk
Q8R0F6,Ilkap
Q8CAQ8-2,Immt
Q924B0,Impa1
O55091,Impact
P50096,Impdh1
P24547,Impdh2
P40936,Inmt
P49442,Inpp1
Q9D168,Ints12
Q7TPD0,Ints3
Q8K114,Ints9
Q8BKC5,Ipo5
Q9EPL8,Ipo7
Q9JKF1,Iqgap1
Q3UQ44,Iqgap2
Q8R0S2-2,Iqsec1
Q8R3Y8-2,Irf2bp1
E9Q1P8,Irf2bp2
Q8K3X4,Irf2bpl
Q3UJM9,Irf3
Q8VIM9,Irgq
Q9D924,Isca1
Q9DCB8,Isca2
Q9D7P6,Iscu
Q64339,Isg15
Q9D096,Isoc1
B2RY90,Isoc2a
Q9DCC7,Isoc2b
Q9CX00,Ist1
Q9JHU9,Isyna1
Q3V3R4,Itga1
Q62470-2,Itga3
Q80YP5,Itga5
Q80ZI8,Itga6
A2ARA8,Itga8
P43406,Itgav
P09055,Itgb1
F8WJ05,Itih1
G3X977,Itih2
Q61704,Itih3
A6X935,Itih4
Q8BJD1,Itih5
Q3TVJ0,Itm2b
Q9D892,Itpa
P11881-2,Itpr1
Q9Z0R4,Itsn1
Q9JHI5,Ivd
Q8C1D8,Iws1
G5E852,Jak2
Q9D8B7,Jam3
Q5DTX6,Jcad
P01592,Jchain
Q3US19,Jun
Q02257,Jup
Q9EQD6,K16
Q8BX02,Kank2
Q9Z1P7,Kank3
Q8CFK5,Kars
O35111,Kcnk3
A0A0R4J2B2,Kctd12
G5E897,Kdelc2
Q60749,Khdrbs1
Q9R226,Khdrbs3
Q9CPP1,Khk
Q3U0V1,Khsrp
Q8R0A7,Kiaa0513
Q3TCX3,Kiaa0907
Q148V7,Kiaa1468
A2A7S8,Kiaa1522
E9Q9B7,Kidins220
E9Q4K7,Kif13b
E9Q9B0,Kif1c
Q3UHC4,Kif3b
Q61768,Kif5b
J3QNW9,Kif7
Q8K339,Kin
E9Q7C9,Klc1
O88448,Klc2
Q9DBS5,Klc4
A0A0B6VSQ6,Klk1
A0A0R4J038,Kng1
Q6S9I0,Kng2
O35344,Kpna3
Q4FJX1,Kpna4
Q8BH30,Kpna6
Q3UHW8,Kpnb1
P32883,Kras
Q3SYP5,Krt16
Q9QWL7,Krt17
P05784,Krt18
Q6IFX2,Krt42
Q32P04,Krt5
Q9Z331,Krt6b
A0A087WS29,Ktn1
Q9CXA2,L3hypdh
D3YU13,l7Rn6
Q9DD02,L7rn6
F6VT60,Lace1
Q99KR3,Lactb2
Q9CR70,Lage3
Q60675,Lama2
P97927,Lama4
Q61001,Lama5
P02469,Lamb1
Q61292,Lamb2
F8VQJ3,Lamc1
Q3TX84,Lamp1
Q3TWE1,Lamp2
Q9CQ22,Lamtor1
Q9JHS3,Lamtor2
O88653,Lamtor3
O89112,Lancl1
Q9CPY7,Lap3
Z4YJT3,Larp1
Q8BWW4,Larp4
Q6A0A2-2,Larp4b
Q7TSZ3,Lars
Q8VDC0,Lars2
A2BE28-2,Las1l
Q543N3,Lasp1
Q3U9G9,Lbr
A0A0F7R5U8,LC
A2RTH5,Lcmt1
Q61233,Lcp1
A0A0F6AIX6,Ldah
Q9JKS4,Ldb3
G5E8N5,Ldha
P16125,Ldhb
Q7TNG8,Ldhd
Q8VCT0,Ldlr
Q5XJE5,Leo1
Q9Z2I0,Letm1
Q924L1,Letmd1
P16045,Lgals1
Q8C253,Lgals3
Q07797,Lgals3bp
G3X9T7,Lgals9
O89017,Lgmn
Q9D7I5-2,Lhpp
D3Z6I3,Lias
Q9ERG0,Lima1
Q3UH68,Limch1
Q9QXD8,Limd1
Q99JW4,Lims1
Q91XD2,Lims2
O88952,Lin7c
Q9Z0M5,Lipa
P54310-2,Lipe
Q3U944,Lman1
Q9DBH5,Lman2
Q8BVZ6,Lmcd1
P48678,Lmna
P14733,Lmnb1
P21619,Lmnb2
Q8C129,Lnpep
Q9D920,Loh12cr1
Q8CGK3,Lonp1
Q3UCD4,Lpl
Q8BFW7,Lpp
Q91XL1,Lrg1
Q91ZX7,Lrp1
Q52KI7,Lrpap1
Q6PB66,Lrpprc
Q6EDY6,Lrrc16a
E9PV22,Lrrc47
Q8JZX5,Lrrc57
Q3UGP9,Lrrc58
Q922Q8,Lrrc59
Q3UZ39,Lrrfip1
A0A0G2JEP4,Lrrfip2
Q14DL3,Lrriq3
Q544C9,Lsm1
Q9D0R8,Lsm12
Q8K2F8,Lsm14a
Q3U9X2,Lsm2
P62311,Lsm3
Q9CY46,Lsm4
Q542U7,Lsm6
Q9CQQ8,Lsm7
Q6ZWM4,Lsm8
P19973-2,Lsp1
P24527,Lta4h
B2RU79,Ltbp4
Q9CYI4,Luc7l
Q7TNC4-2,Luc7l2
Q5SUF2-2,Luc7l3
P51885,Lum
Q8R4U7,Luzp1
P70202,Lxn
P35459,Ly6d
P97823,Lypla1
Q9WTL7,Lypla2
E9QLB2,Lyplal1
Q8K215,Lyrm4
Q91V16,Lyrm5
Q3UN90,Lyrm9
A0A077S2U6,Lyz2
Q8K3C3,Lzic
Q3UHL8,Lztfl1
Q3UF03,M6pr
Q922B1,Macrod1
Q9WTX8,Mad1l1
Q9ER67,Maged2
P61327,Magoh
A0A023T778,Magohb
P27046,Man2a1
O09159,Man2b1
O54782,Man2b2
E9PZ88,Man2c1
Q8K2I4,Manba
Q3TMX5,Manf
Q64133,Maoa
Q8BW75,Maob
Q9QYR6-2,Map1a
P14873,Map1b
Q91VR7,Map1lc3a
Q8C052,Map1s
P20357,Map2
P31938,Map2k1
Q63932,Map2k2
Q3TJG7,Map2k3
Q543X6,Map2k4
A0A0B4J1M9,Map4
D3YWN7,Map7
A2AJI0,Map7d1
P63085,Mapk1
Q9Z1B7,Mapk13
P47811,Mapk14
Q63844,Mapk3
Q9WTU6-3,Mapk9
Q3U2P8,Mapkapk2
Q61166,Mapre1
D3YYK8,Mapre2
Q6PER3,Mapre3
A2A5Y6,Mapt
Q922Q1,Marc2
P26645,Marcks
P28667,Marcksl1
Q8VHJ5,Mark1
Q68FL6,Mars
Q91X83,Mat1a
Q3THS6,Mat2a
Q99LB6-2,Mat2b
Q6ZQ61,Matr3
Q8VCF0,Mavs
P04247,Mb
Q9Z2E1,Mbd2
Q9Z2D8,Mbd3
P41317,Mbl2
Q9JKP5,Mbnl1
Q8C181-2,Mbnl2
Q8R2Y2,Mcam
Q8R3F5,Mcat
Q99MR8,Mccc1
Q3ULD5,Mccc2
Q9D1I5,Mcee
D0EW11,Mcfd2
Q3TVP0,mCG_120563
Q8C1L7,mCG_6739
P97287,Mcl1
Q3UJN1,Mcm2
Q542F4,Mcm4
Q541U2,Mcpt2
Q3UN88,Mcpt4
Q9DB27,Mcts1
Q3UMR5,Mcu
P14152,Mdh1
P08249,Mdh2
Q9D967,Mdp1
P06801,Me1
Q99KE1,Me2
Q9DB93,Mea1
Q2VPQ9,Meaf6
Q9Z2D6,Mecp2
Q9DCS3,Mecr
Q62276-2,Med22
Q8VCS6,Med9
B1AWK4,Meis2
Q91VH6,Memo1
Q9ERE7,Mesdc2
Q8BP48,Metap1
O08663,Metap2
Q5K4Q9,Mettl7a1
Q9D1H9,Mfap4
Q9QZJ6,Mfap5
Q6PCP5-3,Mff
Q3TDU5,Mfge8
Q6KAQ1,mFLJ00207
Q8VI64,Mgarp
E9Q3B9,Mgll
Q91VS7,Mgst1
Q8BI84,Mia3
Q8R404,Mic13
Q8BGT6,Micall1
Q8VCX5-2,Micu1
Q9CQ86,Mien1
P34884,Mif
Q7TNS2,Minos1
Q8C9C2,Minpp1
Q80TG7,mKIAA1250
A3KMF2,Mkl2
Q6ZQI3,Mlec
Q99KX1,Mlf2
Q9QZQ1-2,Mllt4
Q99J39,Mlycd
Q8C7H1,Mmaa
Q9D273,Mmab
A6H6E2,Mmrn2
Q921Y0,Mob1a
Q3UGM5,Mob4
Q5RKZ7,Mocs1
F6ZGI7,Mocs2
Q80UM7,Mogs
P60762,Morf4l1
P56379,Mp68
P63030,Mpc1
Q9D023,Mpc2
Q8VBX6,Mpdz
Q3V100,Mpi
P70290,Mpp1
Q9WV34-2,Mpp2
Q9JLB0-2,Mpp6
Q5SWZ5,Mprip
Q99J99,Mpst
E9Q1I6,Mpv17
Q2HZ94,Mrc1
A2AAA9,Mrc2
Q3URU4,Mre11a
Q9CQL7,Mrfap1
Q9CQT1,Mri1
Q9D3F3,Mrpl1
Q3TBW2,Mrpl10
Q9CQF0,Mrpl11
Q9DB15,Mrpl12
Q9D1P0,Mrpl13
Q9D1I6,Mrpl14
Q9CPR5-2,Mrpl15
Q9D338,Mrpl19
Q9D773,Mrpl2
Q9CQ06,Mrpl24
Q99N92,Mrpl27
Q921S7,Mrpl37
Q8K2M0,Mrpl38
Q9JKF7,Mrpl39
Q9Z2Q5,Mrpl40
Q9CQN7,Mrpl41
Q99N89,Mrpl43
Q9CY73,Mrpl44
Q9CSZ8,Mrpl45
Q8K2Y7,Mrpl47
Q9CQ40,Mrpl49
Q8VDT9,Mrpl50
Q9CQF8,Mrpl57
Q14B21,Mrpl9
Q9DCA2,Mrps11
Q9DC71,Mrps15
Q9CPX7,Mrps16
Q99N84,Mrps18b
Q8BQ99,Mrps2
Q9CXW2,Mrps22
Q8VE22,Mrps23
Q9D125,Mrps25
Q80ZS3,Mrps26
Q8BK72,Mrps27
Q9CY16,Mrps28
Q9D0G0,Mrps30
Q61733,Mrps31
Q9D2R8,Mrps33
Q9JIK9,Mrps34
Q8BJZ4,Mrps35
Q9CQX8,Mrps36
Q99N87,Mrps5
Q3TLQ4,Mrps6
Q9D7N3,Mrps9
Q9D6S7,Mrrf
Q2M2Q8,Msi2
P26041,Msn
Q9D6Y7-3,Msra
Q78J03,Msrb2
Q8BU85,Msrb3
P02802,Mt1
M1VB37,Mta1
Q9R190,Mta2
Q9CQ65,Mtap
P03930,Mtatp8
Q791T5-2,Mtch1
A2AFW6,Mtch2
P00405,Mtco2
Q80WJ7,Mtdh
Q9CWE0,Mtfr1l
Q922D8,Mthfd1
Q3TYX5,Mthfs
L7N466,Mthfsl
Q91YJ5,Mtif2
Q9CZD5,Mtif3
P62774,Mtpn
F7C846,Mtx1
O88441,Mtx2
P28665,Mug1
P16332,Mut
Q9EQK5,Mvp
Q9CZH7,Mxra7
Q3U2W2,Mybbp1a
Q9EQS3,Mycbp
Q9CPT4,Mydgf
Q8C854-3,Myef2
Q9JK81,Myg1
Q5SX40,Myh1
Q61879,Myh10
Q69ZX3,Myh11
Q6URW6-3,Myh14
Q5SX39,Myh4
P13542,Myh8
Q8VDD5,Myh9
P05977,Myl1
Q6ZWQ9,Myl12a
P09542,Myl3
Q60605,Myl6
Q9CQ19,Myl9
Q6PDN3,Mylk
P97457,Mylpf
P46735-2,Myo1b
Q9WTI7-3,Myo1c
Q5SYD0,Myo1d
E9Q634,Myo1e
Q6SKR2,N6amt1
Q3V4D5,Naa10
Q80UM3,Naa15
Q9D2U5,Naa38
Q6PGB6-5,Naa50
Q9CZR2,Naalad2
P70670,Naca
P58058,Nadk
Q8C5H8,Nadk2
Q3UK27,Nae1
Q9QWR8,Naga
Q9QZ08,Nagk
O54752,Naglu
Q99KQ4,Nampt
Q99J77,Nans
P28656,Nap1l1
Q8C1W9,Nap1l4
Q9DB05,Napa
Q8BH82,Napepld
Q8C1T5,Napg
Q8BP47,Nars
B1AU75,Nasp
Q9R207,Nbn
P13595-2,Ncam1
Q8BZR9,Ncbp3
Q8BLF1,Nceh1
Q99M51,Nck1
Q8BQ28,Nck2
P28660-2,Nckap1
Q3TGR3,Ncl
Q8VCM8,Ncln
Q91W39,Ncoa5
Q9WU42,Ncor2
Q3T9E5,Ncstn
N0DTI5,ND5
Q9ERR1-2,Ndel1
B7ZWC0,Ndrg1
Q9QYG0,Ndrg2
Q9QYF9,Ndrg3
Q99LC3,Ndufa10
G5E814,Ndufa11
A0A0R4J275,Ndufa12
Q9ERS2,Ndufa13
Q9CQ75,Ndufa2
D3Z670,Ndufa3
Q62425,Ndufa4
Q9CPP6,Ndufa5
Q9CQZ5,Ndufa6
Q9Z1P6,Ndufa7
Q9DCJ5,Ndufa8
A0A0R3P9C8,Ndufa9
Q3TJG2,Ndufab1
Q9CWX2,Ndufaf1
Q59J78,Ndufaf2
Q9JKL4,Ndufaf3
Q9D1H6,Ndufaf4
Q9CWG8-2,Ndufaf7
P0DN34,Ndufb1
Q9DCS9,Ndufb10
Q4VBC9,Ndufb11
Q9CPU2,Ndufb2
Q9CQZ6,Ndufb3
Q4VAE8,Ndufb4
D3Z568,Ndufb5
A2AP31,Ndufb6
Q9CR61,Ndufb7
Q9D6J5,Ndufb8
Q9CQJ8,Ndufb9
Q9CQ54,Ndufc2
Q91VD9,Ndufs1
Q91WD5,Ndufs2
Q9DCT2,Ndufs3
Q9CXZ1,Ndufs4
Q99LY9,Ndufs5
P52503,Ndufs6
Q9DC70,Ndufs7
Q3UY05,Ndufs8
Q91YT0,Ndufv1
Q9D6J6,Ndufv2
Q3U422,Ndufv3
B7ZCI2,Nebl
Q0VB06,Necap1
Q9D1J1,Necap2
Q9JKF6,Nectin1
B2RSC8,Nedd4
P29595,Nedd8
Q05DD2,Nefl
A0A0R4J036,Nefm
Q8K1R7,Nek9
A0A0X1KG62,Nelfb
Q8CCP0,Nemf
Q9CQ45,Nenf
Q6P5H2,Nes
A0A0G2JG59,Nexn
Q9WV30-2,Nfat5
Q3UTK6,Nfia
Q6GSP7,Nfib
Q3UV15,Nfkb2
Q9Z1J3,Nfs1
Q9QZ23,Nfu1
P70353,Nfyc
Q9JI78,Ngly1
Q9CW64,Nhlrc2
Q9CRB2,Nhp2
P10493,Nid1
O88322,Nid2
Q9EQ80,Nif3l1
O55125,Nipsnap1
Q9CQE1,Nipsnap3b
Q80TM9,Nisch
Q8VDK1,Nit1
Q9JHW2,Nit2
Q91YP2,Nln
Q3TL44,Nlrx1
P15532,Nme1
Q9WV85,Nme3
O35309,Nmi
Q3V449,Nmnat1
Q99JR6,Nmnat3
Q8K2T1,Nmral1
O70310,Nmt1
Q9D7Z3-2,Nol7
Q8CE21,Nolc1
Q6GQT9,Nomo1
Q3UM20,Nono
Q9CQS2,Nop10
Q9CPT5,Nop16
Q9D6Z1,Nop56
Q6DFW4,Nop58
G3UYX3,Nova2
Q3U3C2,Npc2
Q3UD03,Npepl1
Q11011,Npepps
P60670-2,Nploc4
Q5SQB7,Npm1
Q3TAH3,Npm3
P18293,Npr1
Q6VVW5,Npr2
P97300-1,Nptn
P57774,Npy
Q99KL8,Nqo1
Q9CVF5,Nqo2
Q8BHG1,Nrdc
P46460,Nsf
Q9CZ44,Nsfl1c
H3BKN0,Nsun2
Q9JM14,Nt5c
Q9D020-1,Nt5c3a
Q3UFY7-2,Nt5c3b
Q3UHB1,Nt5dc3
Q8R2U4,Ntmt1
Q3UYM1,Nub1
Q9R061,Nubp2
Q9CWD8,Nubpl
Q02819,Nucb1
P81117,Nucb2
Q80XU3,Nucks1
O35685,Nudc
Q9CQ48,Nudcd2
B0FTY3,Nudcd3
Q3UGL8,Nudt12
Q8JZU0,Nudt13
A0A087WSB5,Nudt16
Q8VHN8-2,Nudt16l1
Q3V1C8,Nudt2
Q9CQF3,Nudt21
Q9JI46,Nudt3
Q4FJR0,Nudt4
Q9JKX6,Nudt5
Q99P30-2,Nudt7
A2AH27,Nudt9
Q5F2E7-2,Nufip2
Q80Y35,Numa1
Q9QZS3,Numb
Q80WR0,Nup153
Q99P88,Nup155
Q80U93,Nup214
Q8R4R6,Nup35
P59235,Nup43
Q9JIH2,Nup50
Q8BTS4,Nup54
Q8R332-2,Nup58
Q3U2X1,Nup62
Q8R480,Nup85
Q8BJ71-2,Nup93
Q6PFD9,Nup98
P61971,Nutf2
P11928,Oas1a
Q3TG75,Oat
A2AAJ9,Obscn
Q9CRD0,Ociad1
Q9D8W7,Ociad2
Q60597,Ogdh
B2RXT3,Ogdhl
Q62000,Ogn
Q8CGY8,Ogt
Q9CZ30,Ola1
P58281-2,Opa1
Q8K010,Oplah
Q8K3K8,Optn
Q60590,Orm1
P07361,Orm2
Q8K2C7-2,Os9
Q3B7Z2,Osbp
Q80UX3,Osbpl3
A0A0R4J1Y3,Osgep
Q62422,Ostf1
Q7TQI3,Otub1
A0A0A0MQF5,Otud6b
Q9D0K2,Oxct1
Q4KMM3-4,Oxr1
Q6P9R2,Oxsr1
Q9DBN4,P33monox
Q3V1T4,P3h1
Q60715,P4ha1
P09103,P4hb
Q05BN2,Pa2g4
P29341,Pabpc1
Q91YZ8,Pabpc4
Q8CCS6-2,Pabpn1
Q8K212,Pacs1
Q3TDA7,Pacsin2
Q543N7,Pacsin3
Q8K2T8,Paf1
Q3TIK0,Pafah1b1
Q61206,Pafah1b2
Q3TJC2,Pafah1b3
Q9DCL9,Paics
F6Y616,Paip1
Q3TJ84,Paip2
G5E884,Pak1
Q9DCE5,Pak1ip1
Q8CIN4,Pak2
B1GX81,Pak3
F7AA26,Pakap
Q9ET54-6,Palld
Q9Z0P4,Palm
Q8BR92,Palm2
Q9JHU2,Palmd
P97467,Pam
Q9CQV1,Pam16
Q3U4S0,Pank2
Q8C0L6,Paox
Q9EPX2,Papln
Q6NZM8,Papss1
O88622,Parg
Q99LX0,Park7
Q921K2,Parp1
Q8BXU2,Parp3
Q9EPC1,Parva
Q925B0-2,Pawr
Q9D0B6,Pbdc1
Q9CXN7,Pbld2
Q3TVI8,Pbxip1
P61458,Pcbd1
A0A0R4J1R7,Pcbd2
P60335,Pcbp1
Q61990,Pcbp2
P57722-2,Pcbp3
Q3UGC8,Pcca
Q99MN9,Pccb
Q8CFX3,Pcdh1
Q91XX1,Pcdhgc3
G3X9Z4,Pcf11
Q8CI37,Pck1
Q8BH04,Pck2
Q9QYX7,Pclo
Q9R0L6,Pcm1
E9PWE0,Pcmt1
P17918,Pcna
Q6P8I4,Pcnp
P48725,Pcnt
Q3UN82,Pcolce
Q6W8Q3,Pcp4l1
Q32MU0,Pcsk1
Q9QXV0,Pcsk1n
Q3UZV3,Pcsk2
Q04592,Pcsk5
G5E8R3,Pcx
Q3UYP2,Pcyox1
P49586,Pcyt1a
Q3TLU0,Pcyt2
B2RTB0,Pdap1
Q8VE70,Pdcd10
Q61823,Pdcd4
Q564F6,Pdcd5
P12815,Pdcd6
Q9WU78,Pdcd6ip
Q8BFQ8,Pddc1
Q3TYK5,Pde2a
Q3URU9,Pde6d
P35486,Pdha1
Q9D051,Pdhb
Q8BKZ9,Pdhx
D3Z6P0,Pdia2
P27773,Pdia3
P08003,Pdia4
Q921X9,Pdia5
Q3TML0,Pdia6
Q8R2U8,Pdk1
Q9JK42,Pdk2
Q4FJR4,Pdk3
Q3TZ17,Pdlim1
Q8R1G6,Pdlim2
P70271,Pdlim4
Q8CI51,Pdlim5
Q3TJD7,Pdlim7
A2AJP9,Pdp1
Q4VA53,Pds5b
Q99K01,Pdxdc1
Q8K183,Pdxk
Q9CZG9,Pdzd11
Q62048,Pea15
Q5EBQ2,Pebp1
Q8BFY6,Pef1
A2RS23,Pepd
P0DJE0,Pet100
Q9R0A0,Pex14
Q91XC9,Pex16
Q3TDI5,Pex19
D3Z600,Pex5
P97865,Pex7
Q5SUR0,Pfas
Q9CQF7,Pfdn1
O70591,Pfdn2
Q3UWL8,Pfdn4
Q6ZWY7,Pfdn5
Q03958,Pfdn6
P12382,Pfkl
P47857-3,Pfkm
Q8C605,Pfkp
P62962,Pfn1
Q9JJV2,Pfn2
Q9DBJ1,Pgam1
O70250,Pgam2
Q8BX10,Pgam5
Q9DCD0,Pgd
B2RU91,Pggt1b
P09411,Pgk1
Q9CQ60,Pgls
Q5RJV4,Pgm2
Q9CYR6,Pgm3
Q8CHP8,Pgp
Q3TH84,Pgrmc1
Q501J7,Phactr4
Q9JJT9,Phax
P67778,Phb
Q3V235,Phb2
Q9WTU0,Phf2
P83870,Phf5a
Q9D4J7-2,Phf6
Q61753,Phgdh
Q8CHE4,Phlpp1
Q9DAK9,Phpt1
O35386,Phyh
Q8R1K4-2,Phykpl
Q2TBE6,Pi4k2a
Q7M6Y3-3,Picalm
Q3V307,Pigs
Q9CQJ2,Pih1d1
P26450,Pik3r1
Q9Z1T6,Pikfyve
Q9QUR7,Pin1
Q9CWW6,Pin4
Q9CZS7,Pip4k2a
Q80XI4,Pip4k2b
F8WI18,Pip5k1a
Q9D711,Pir
Q8BWR2-2,Pithd1
Q3TIQ3,Pitpna
Q8JZZ5,Pitpnb
Q8K411-2,Pitrm1
B7ZC22,Pkig
P52480,Pkm
Q68FH0-2,Pkp4
Q8VEB4,Pla2g15
P27612,Plaa
Q3TCN2,Plbd2
Q9Z1B3-3,Plcb1
Q8CI86,Plcb3
Q4KWH5-2,Plch1
Q6NV49,Pld2
O35405,Pld3
Q9QXS1,Plec
Q8K124,Plekho2
Q3V1T9,Plg
Q8CGN5,Plin1
P43883,Plin2
Q9DBG5,Plin3
O88492,Plin4
Q3TPZ2,Plk1
Q3U055,Plod2
Q9R0E1,Plod3
Q61469,Plpp1
Q99JY8,Plpp3
D3Z4V1,Plrg1
Q99K51,Pls3
G3X924,Plvap
B2RXS4,Plxnb2
Q60953-2,Pml
Q545N8,Pmm2
Q9DC61,Pmpca
Q9CXT8,Pmpcb
Q69ZP3-2,Pnkd
G5E8N7,Pnkp
Q6P8U6,Pnlip
Q0VB50,Pnmt
O35691,Pnn
Q543K9,Pnp
Q8BJ56-2,Pnpla2
Q8K1N1,Pnpla8
Q91XF0,Pnpo
Q3TST0,Pnpt1
Q9R0M4,Podxl
Q91ZW2,Pofut1
Q8VHI3,Pofut2
Q8BYB9,Poglut1
F6SQH7,Poldip2
Q3U8V1,Poldip3
P52432,Polr1c
P08775,Polr2a
Q3V214,Polr2e
Q3TES3,Polr2f
Q923G2,Polr2h
P62876,Polr2l
A0A0J9YVJ2,Pomp
P52430,Pon1
Q62086,Pon2
Q62087,Pon3
P37040,Por
Q6GUA3,Postn
Q4FK49,Ppa1
Q91VM9,Ppa2
Q9EQI5,Ppbp
Q8VDG5,Ppcs
Q9CR37,Ppdpf
Q8C8U0,Ppfibp1
P17742,Ppia
Q9DCY1,Ppib
P30412,Ppic
Q9CR16,Ppid
Q9QZH3,Ppie
Q99KR7,Ppif
A2AR02,Ppig
Q9D868-2,Ppih
Q3U0J1,Ppil1
Q9D787,Ppil2
Q9D3J1,Ppil4
P49443,Ppm1a
Q99NF7,Ppm1b
Q8CGA0,Ppm1f
Q61074,Ppm1g
Q8BVQ5,Ppme1
P51175,Ppox
P62137,Ppp1ca
P62141,Ppp1cb
Q80W00,Ppp1r10
A5A4Z1,Ppp1r11
Q9DBR7,Ppp1r12a
Q8BG95,Ppp1r12b
Q3UMT1,Ppp1r12c
Q9ERT9,Ppp1r1a
Q9DCL8,Ppp1r2
Q3TDD9,Ppp1r21
Q3UM45,Ppp1r7
Q8R3G1,Ppp1r8
Q6R891,Ppp1r9b
P63330,Ppp2ca
P62715,Ppp2cb
Q76MZ3,Ppp2r1a
Q3TT94,Ppp2r2a
Q8C0E1,Ppp2r4
Q6PD03,Ppp2r5a
Q7TNL5,Ppp2r5d
P63328-2,Ppp3ca
Q63810-2,Ppp3r1
Q3UNF2,Ppp4c
A0A0R4J0U2,Ppp4r2
Q6P2K6,Ppp4r3a
Q60676,Ppp5c
A0A0N4SVL9,Ppp6c
Q7TSI3,Ppp6r1
Q8VBX5,Ppt1
Q91VJ5,Pqbp1
Q9EQC8,Prcc
P35700,Prdx1
Q61171,Prdx2
P20108,Prdx3
O08807,Prdx4
P99029-2,Prdx5
Q6GT24,Prdx6
Q543S0,Prelp
Q3TCS0,Prep
Q61878,Prg2
Q5EG47,Prkaa1
Q542K0,Prkab1
P05132,Prkaca
P68181-4,Prkacb
Q3TYK4,Prkar1a
A0A0A6YX73,Prkar2a
P31324,Prkar2b
Q53YN4,Prkcd
Q91VJ2,Prkcdbp
O08795-2,Prkcsh
P0C605-2,Prkg1
Q9WTX2,Prkra
Q8C2D7,Prmt1
Q922H1,Prmt3
Q3UBH0,Prnp
P33587,Proc
Q9D820-2,Prorsd1
Q08761,Pros1
Q9Z2Y8,Prosc
Q99KP6,Prpf19
Q922U1,Prpf3
Q8CCF0,Prpf31
Q059T9,Prpf4
Q9R1C7-2,Prpf40a
Q61136,Prpf4b
Q91YR7,Prpf6
Q99PV0,Prpf8
G5E846,Prph
Q9D7G0,Prps1
G3UXL2,Prps1l3
B1AT82,Prpsap1
Q3UPH1,Prrc1
Q7TSC1,Prrc2a
F8WHT3,Prrc2b
Q3TLH4-5,Prrc2c
Q8BIW1,Prune
E9PZ00,Psap
Q543K5,Psat1
Q99JF8,Psip1
Q9R1P4,Psma1
P49722,Psma2
Q9DCD8,Psma3
Q9R1P0,Psma4
Q9Z2U1,Psma5
Q9QUM9,Psma6
Q9Z2U0,Psma7
O09061,Psmb1
Q4FJX8,Psmb10
Q9R1P3,Psmb2
Q9R1P1,Psmb3
P99026,Psmb4
O55234,Psmb5
Q60692,Psmb6
Q5D098,Psmb7
P28063,Psmb8
Q3U7A7,Psmb9
Q542I9,Psmc1
P46471,Psmc2
O88685,Psmc3
P54775,Psmc4
P62196,Psmc5
P62334,Psmc6
Q3TXS7,Psmd1
Q9Z2X2,Psmd10
Q8BG32,Psmd11
Q9D8W5,Psmd12
Q9WVJ2,Psmd13
O35593,Psmd14
Q3U9Y8,Psmd2
P14685,Psmd3
O35226,Psmd4
Q8BJY1,Psmd5
Q99JI4,Psmd6
P26516,Psmd7
Q99JB5,Psmd8
Q9CR00,Psmd9
P97371,Psme1
Q5SVP3,PSME2b
P61290,Psme3
A2AU35,Psmf1
Q8R326-2,Pspc1
Q99LS3,Psph
A0A0R4J0P5,Pstpip1
Q3TQW3,Ptbp1
Q8BHD7-2,Ptbp3
Q14C51,Ptcd3
Q60866,Pter
Q8BWM0,Ptges2
Q9R0Q7,Ptges3
Q8BXC0,Ptgis
Q91YR9,Ptgr1
Q8VDQ1,Ptgr2
Q8C2T3,Ptma
Q66JR8,Ptms
P35235,Ptpn11
P35831,Ptpn12
Q6PB44,Ptpn23
Q3TE70,Ptpn6
Q64487-11,Ptprd
Q05909,Ptprg
A6MDD2,Ptprn
A3KN68,Ptprn2
O54724,Ptrf
Q8R2Y8,Ptrh2
D3Z4S3,Ptrhd1
Q9R1Z7,Pts
Q3UEB3-2,Puf60
Q3UR00,Pum1
P42669,Pura
O35295,Purb
Q99LL5,Pwp1
Q8BX57,Pxk
Q8VI36-2,Pxn
Q9EPB4,Pycard
Q3TMZ1,Pycr2
Q9DCC4,Pycrl
Q8CI94,Pygb
Q9ET01,Pygl
Q9WUB3,Pygm
Q8CHP5-2,Pym1
Q61838,Pzp
Q8BML9,Qars
Q8BVI4,Qdpr
Q9QYS9-7,Qki
Q91X91,Qprt
G3X8R5,Qrich1
Q4FJL0,Rab10
A0A068BFR3,Rab11b
Q8R361,Rab11fip5
P35283,Rab12
Q50HX4,Rab14
P35293,Rab18
Q0PD67,Rab1a
Q9D1G1,Rab1b
Q6A0C7,Rab21
Q544U7,Rab27a
Q0PD65,Rab2a
Q3TXV4,Rab31
P63011,Rab3a
Q0PD62,Rab3b
P62823,Rab3c
Q8BMG7,Rab3gap2
Q9CQD1,Rab5a
Q0PD56,Rab5b
Q3TJ39,Rab5c
P35279-2,Rab6a
P51150,Rab7a
Q0PD49,Rab8b
A2AFP5,Rab9
O35551-6,Rabep1
Q3TZJ2,Rabep2
Q9JM13,Rabgef1
Q3TMQ8,Rabif
Q5U3K5,Rabl6
Q3TLP8,Rac1
P68040,Rack1
Q3TG35,Rad21
Q8CAP3,Rad23a
Q3UQN3,Rad23b
P70388,Rad50
Q8C570,Rae1
Q9EP71,Rai14
Q9CXY0,Rala
Q9JIW9,Ralb
Q64012-2,Raly
P62827,Ran
P34022,Ranbp1
Q9ERU9,Ranbp2
Q9CT10,Ranbp3
P46061,Rangap1
A0A0G2JDL9,Rap1a
Q99JI6,Rap1b
Q3TU36,Rap1gds1
P61226,Rap2b
F2Z3U3,Raph1
Q9D0I9,Rars
Q3U186,Rars2
Q3U0S6,Rasip1
Q9CW46,Raver1
Q60972,Rbbp4
Q8BX09,Rbbp5
P97868-2,Rbbp6
Q60973,Rbbp7
O88851,Rbbp9
Q9JJ43-2,Rbfox1
Q8BP71-7,Rbfox2
Q99KG3-3,Rbm10
Q8R4X3,Rbm12
Q8C2Q3,Rbm14
Q0VBL3,Rbm15
Q8JZX4,Rbm17
Q8BHS3,Rbm22
B2RY56,Rbm25
Q6NZN0-5,Rbm26
Q5SFM8-2,Rbm27
Q545K5,Rbm3
Q9CXK9,Rbm33
Q8VH51,Rbm39
Q91V81-2,Rbm42
Q91WT8-2,Rbm47
Q91YE7,Rbm5
Q14A95,Rbm7
A0A023T672,RBM8
A0A0G2JFX7,Rbm8a
Q8VC70,Rbms2
Q9WV02,Rbmx
Q91VM5,Rbmxl1
Q58EU7,Rbp1
H7BWY6,Rbp4
Q8C586,Rbpms
P62878,Rbx1
P0C090,Rc3h2
Q8VE37,Rcc1
Q8BK67,Rcc2
Q05186,Rcn1
Q8BP92,Rcn2
Q8BH97,Rcn3
Q8CFE3,Rcor1
Q3UZA1,Rcsd1
A0A0R4J1N8,Rdh13
Q569U9,Rdh14
P26043,Rdx
G3X8R0,Reep5
Q3U3Q8,Rela
O35929,Rem1
P82343,Renbp
D3Z2E3,Reps1
Q9CQU3,Rer1
Q3V2F6,Retn
Q9D8S4,Rexo2
Q9WUK4,Rfc2
Q8CFV9,Rfk
Q9DBX1,Rgcc
Q64374,Rgn
Q32MD7,Rgs10
Q540E6,Rheb
Q3TN61,Rhoa
Q3UDZ1,Rhog
Q8BG51-3,Rhot1
Q8JZN7,Rhot2
Q9DCV4,Rmdn1
Q8BSE0,Rmdn2
Q3UJU9,Rmdn3
Q8C663,Rnase4
Q9CWY8,Rnaseh2a
Q9CQ01,Rnaset2
Q14B01,Rnf113a2
Q8C521,Rnf114
A2RS02,Rnf166
Q9CY62,Rnf181
E9Q446,Rnf25
Q3U319,Rnf40
Q3UM23,Rnh1
Q9D0L8,Rnmt
Q8VCT3,Rnpep
Q99M28-2,Rnps1
G5E843,Robo1
P70335,Rock1
P70336-2,Rock2
Q9EPK2-3,Rp2
Q62193,Rpa2
Q9D706,Rpap3
Q8VEE0,Rpe
P47708,Rph3a
P47968,Rpia
Q5XJF6,Rpl10a
Q9CXW4,Rpl11
Q3TIQ2,Rpl12
P47963,Rpl13
Q5M9M0,Rpl13a
Q9CR57,Rpl14
Q5M8Q0,Rpl15
Q80V08,Rpl17
Q58EW0,Rpl18
P62717,Rpl18a
Q5I0T8,Rpl19
Q9CQM8,Rpl21
Q4VAG4,Rpl22
Q9D7S7-2,Rpl22l1
P62830,Rpl23
Q4V9X9,Rpl23a
A0A140T8M7,Rpl23a-ps3
Q8BP67,Rpl24
P61255,Rpl26
Q5BLJ9,Rpl27
P14115,Rpl27a
Q5M9N5,Rpl28
P47915,Rpl29
P27659,Rpl3
P62889,Rpl30
Q5M9K9,Rpl31
P62911,Rpl32
Q9D1R9,Rpl34
Q6ZWV7,Rpl35
O55142,Rpl35a
Q6ZWZ4,Rpl36
Q5M9P1,Rpl36a
Q9D823,Rpl37
Q9CYW3,Rpl37a
Q9JJI8,Rpl38
P62892,Rpl39
Q564E8,Rpl4
P47962,Rpl5
P47911,Rpl6
P14148,Rpl7
P12970,Rpl7a
P62918,Rpl8
Q5EBQ6,Rpl9
Q5M8R8,Rplp0
Q58E35,Rplp1
P99027,Rplp2
Q8BMR3,Rpn1
A2ACG7,Rpn2
Q9CSU0,Rprd1b
Q6NXI6-2,Rprd2
Q5M9K7,Rps10
P62281,Rps11
Q6ZWZ6,Rps12-ps3
P62301,Rps13
O70569,rps14
P62264,Rps14
P62843,Rps15
Q5M9M4,Rps15a
Q5CZY9,Rps16
Q5M9L7,Rps17
Q561N5,Rps18
A0A140T8T3,Rps18-ps3
Q5M9P3,Rps19
Q3TXS9,Rps2
Q5BLK2,Rps20
Q9CQR2,Rps21
P62267,Rps23
Q9CY61,Rps24
P62852,Rps25
P62855,Rps26
Q6ZWU9,Rps27
Q642L7,Rps27a
Q6ZWY3,Rps27l
G3UYV7,Rps28
P62274,Rps29
Q5YLW3,Rps3
P97351,Rps3a
Q3UAC2,Rps3a1
Q545X8,Rps4x
Q91V55,Rps5
Q5BLK1,Rps6
P18654,Rps6ka3
Q4FZE6,Rps7
Q497E9,Rps8
Q6ZWN5,Rps9
P14206,Rpsa
Q99K70,Rragc
P10833,Rras
P62071,Rras2
Q99PL5,Rrbp1
P56183,Rrp1
Q91WM3,Rrp9
Q9CYH6,Rrs1
Q3UL54,Rsl1d1
Q9DBU6,Rsrc1
A2RTL5,Rsrc2
Q01730,Rsu1
Q3UAE6,Rtca
Q9D7H3,RtcA
Q99LF4,Rtcb
A2AQ19,Rtf1
Q9ES97-2,Rtn3
Q99P72,Rtn4
A0A0R4J0S3,Rtn4ip1
Q8BIJ7,Rufy1
Q9D394-2,Rufy3
P60122,Ruvbl1
Q3UXP2,Ruvbl2
Q9CQK7,Rwdd1
Q8CAK3,Ryden
Q91V77,S100a1
Q9JL08,S100A1
Q3TC45,S100a10
P50543,S100a11
P07091,S100a4
P14069,S100a6
Q53X15,S100a8
Q3UP42,S100a9
P97816,S100g
Q9EP69,Sacm1l
Q9R1T2,Sae1
D3YXK2,Safb
Q80YR5,Safb2
Q3TCJ7,Samhd1
Q8BGH2,Samm50
Q8BIH0,Sap130
Q02614,Sap30bp
Q3TXJ4,Sar1a
Q3U281,Sar1b
Q3TWI2,Sardh
B2RXM7,Sarnp
Q3U6F6,Sars
Q9JJL8,Sars2
Q9Z315,Sart1
Q9JLI8,Sart3
P70122,Sbds
Q8CIT9,Sbsn
Q3UPR9,Sbspon
Q5U4C3,Scaf1
Q6DID3,Scaf8
Q3UY11,Scamp1
Q3TDM8,Scamp3
Q4FK30,Scarb1
Q8R127,Sccpdh
P13516,Scd1
Q8BRF7,Scfd1
Q7TQM2,scFv6H8
Q03517,Scg2
P47867-2,Scg3
P12961,Scg5
Q91WD9,Scgn
Q9JLI6,Scly
Q5SUC9,Sco1
Q78YZ6-3,Scoc
P32020,Scp2
Q920A5,Scpep1
Q80U72-3,Scrib
Q9CZC8,Scrn1
Q8VCA8,Scrn2
Q3TMH2,Scrn3
Q9EQC5,Scyl1
Q8CFE4,Scyl2
Q3UKZ1,Sdc4
Q3U6J5,Sdcbp
Q6P5I1,Sdf2
Q9ESP1,Sdf2l1
Q61112,Sdf4
Q8K2B3,Sdha
Q3U276,Sdhaf1
Q8C6I2,Sdhaf2
Q8BTE0,Sdhaf4
Q9CQA3,Sdhb
Q9CZB0,Sdhc
Q9CXV1,Sdhd
Q63918,Sdpr
Q5M8N4-2,Sdr39u1
Q8R238,Sdsl
Q9D1M0,Sec13
A2AIX1,Sec16a
O08547,Sec22b
Q01405,Sec23a
Q9D662,Sec23b
Q6NZC7,Sec23ip
Q80U83,Sec24c
Q3UPL0,Sec31a
P61620,Sec61a1
Q9CQS8,Sec61b
Q8BU14,Sec62
Q8VHE0,Sec63
Q5DTL8,Sel1l
P17563,Selenbp1
Q8VHC3,Selm
B9EJ24,Selo
A0A0R4J0K1,Sep15
Q8BH69,Sephs1
P97364,Sephs2
P70274,Sepp1
Q6P6M7,Sepsecs
Q8C650-2,Sept10
Q8C1B7-2,Sept11
E9Q3V6,Sept2
P28661,Sept4
Q9Z2Q6,Sept5
Q9R1T4,Sept6
E9Q1G8,Sept7
B7ZC46,Sept8
Q80UG5-3,Sept9
Q9CY58,Serbp1
P22599,Serpina1b
A0A0R4J0X5,Serpina1c
Q00897,Serpina1d
A0A0R4J0I1,Serpina3k
Q91WP6,Serpina3n
Q06770,Serpina6
Q9D154,Serpinb1a
F8WIV2,Serpinb6a
O08804,Serpinb6b
O08797,Serpinb9
Q543J5,Serpinc1
P49182,Serpind1
P97298,Serpinf1
Q61247,Serpinf2
P97290,Serping1
Q3TWG9,Serpinh1
Q3T9S3,Set
Q91WC0,Setd3
A2AKX3,Setx
D3YZC9,Sf1
Q8K4Z5,Sf3a1
G3UVU2,Sf3a2
Q9D554,Sf3a3
Q99NB9,Sf3b1
Q3UAI4,Sf3b2
B2RSV4,Sf3b3
Q8QZY9,Sf3b4
Q8CEW9,Sf3b5
P59708,Sf3b6
Q8VIJ6,Sfpq
Q8BP27-2,Sfr1
Q99JR1,Sfxn1
Q91V61-2,Sfxn3
P82347,Sgcd
Q9JHK6,Sgsh
Q8BJU0-2,Sgta
Q9JJU8,Sh3bgrl
A0A087WQX3,Sh3bgrl2
Q91VW3,Sh3bgrl3
A2A5V2,Sh3bp1
Q3U3C4,Sh3gl1
A2ALV3,Sh3gl2
A0A0G2JEC4,Sh3glb1
A2AWI9,Sh3glb2
Q8R550,Sh3kbp1
A0A0A0MQD5,Shank3
Q8BMC3,Shc2
P50431,Shmt1
Q3TFD0,Shmt2
Q8K2Q9,Shtn1
P70665,Siae
Q8C0T5,Sipa1l1
A0A140LHL5,Sirt2
Q8K2C6,Sirt5
A7XUY5,Skint5
Q3TW36,Skiv2l
Q9CZU3,Skiv2l2
Q5SUR3,Skp1a
A2AQ25,Skt
Q8CI08-2,Slain2
P55012,Slc12a2
Q32XG7,Slc18a1
Q8JZU2,Slc25a1
Q9QZD8,Slc25a10
Q5SX53,Slc25a11
Q8BH59,Slc25a12
Q9QXX4,Slc25a13
D3YVC9,Slc25a16
Q9Z2Z6,Slc25a20
E9PY45,Slc25a22
Q8BMD8,Slc25a24
Q8VEM8,Slc25a3
A0A0A0MQ70,Slc25a35
Q8BZJ4,Slc25a36
P48962,Slc25a4
P51881,Slc25a5
Q5HZI9,Slc25a51
Q3TN26,Slc27a1
Q5IRJ6,Slc30a9
A0A087WQH8,Slc35a4
P10852,Slc3a2
A2AVZ9,Slc43a3
Q8BY89-2,Slc44a2
P04919,Slc4a1
Q61165,Slc9a1
P70441,Slc9a3r1
Q9JHL1,Slc9a3r2
Q14AR0,Slirp
Q5DTL5,Slit2
O54988-2,Slk
Q8CH25-2,Sltm
Q0VER3,Smad9
Q9R0P4,Smap
Q91VZ6,Smap1
H3BLH0,Smarca2
A0A0R4J170,Smarca4
Q91ZW3,Smarca5
Q9Z0H3-2,Smarcb1
Q3UID0,Smarcc2
Q99JR8,Smarcd2
O54941,Smarce1
Q9CU62,Smc1a
Q1HL32,Smc3
E9Q481,Smek1
Q78RX3,Smim12
Q9CQQ0,Smim8
Q8BGT7,Smndc1
A0A0R4J1E4,Smoc1
Q3TVR8,Smoc2
Q9DC77,Smpx
P97355,Sms
Q921U8-2,Smtn
Q3UKJ7,Smu1
O09044,Snap23
P60879,Snap25
Q9ERB0,Snap29
Q8R570,Snap47
Q3TWS4,Snap91
Q9Z266,Snapin
O55042,Snca
Q5GQ64,Sncg
Q3UZI3,Snd1
Q9CZ28,Snf8
Q6P4T2,Snrnp200
Q8K194-2,Snrnp27
Q6PE01,Snrnp40
A2RS68,Snrnp70
Q62189,Snrpa
P57784,Snrpa1
P27048,Snrpb
Q9CQI7,Snrpb2
Q569X3,Snrpc
P62315,Snrpd1
Q14AF6,Snrpd2
P62320,Snrpd3
P62305,Snrpe
P62307,Snrpf
P62309,Snrpg
P63163,Snrpn
Q99L88,Sntb1
Q3V2N5,Sntb2
Q9D0T1,Snu13
Q9CSN1,Snw1
Q6NZD2,Snx1
Q3TGS7,Snx12
Q91WE1,Snx15
Q8C788,Snx18
Q9CWK8,Snx2
Q3UHD6-2,Snx27
Q78ZM0,Snx3
Q91YJ2,Snx4
Q9D8U8,Snx5
Q6P8X1,Snx6
Q5M8N3,Snx7
Q3TZU7,Snx9
Q61263,Soat1
P08228,Sod1
Q4FJX9,Sod2
Q542X9,Sod3
Q9QX47-3,Son
D3Z5J3,Sorbs1
A0A0S3CWK3,Sorbs2
Q8K0M3,Sorbs3
Q64442,Sord
Q8C405,Sp100
Q7TNE3,Spag7
B8X349,Spag9
Q5NCU4,Sparc
Q8K1N4,Spats2
Q5SXY1,Specc1
Q2KN98,Specc1l
Q3TVW1,Spg20
Q61142,Spin1
B2RXY1,Spock1
Q9ER58,Spock2
Q91XH5,Spr
Q91WK1,Spryd4
P08032,Spta1
P16546,Sptan1
Q3UGX2,Sptb
Q62261,Sptbn1
Q3V3A0,Sptlc1
Q68FG3,Spty2d1
Q9R112,Sqrdl
Q64337,Sqstm1
Q80VJ2,Sra1
P05480,Src
Q8BZX4-2,Srek1
Q6P069-2,Sri
Q8BSZ8,Srm
P16254,Srp14
Q9D104,Srp19
P14576,Srp54
Q8BMA6,Srp68
F8VQC1,Srp72
P49962,Srp9
Q9DBG7,Srpra
Q52KI8,Srrm1
Q8BTI8,Srrm2
Q99MR6,Srrt
Q6PDM2,Srsf1
Q3TFP0,Srsf10
F6RDI8,Srsf11
Q62093,Srsf2
Q9D6W4,Srsf3
Q542V3,Srsf4
O35326,Srsf5
Q3TWW8,Srsf6
Q8BL97,Srsf7
Q9D0B0,Srsf9
Q9D975,Srxn1
P32067,Ssb
Q8R2K3,Ssbp1
Q8K330,Ssh3
Q3TV94,Ssr1
Q9DCF9-2,Ssr3
Q62186,Ssr4
Q08943,Ssrp1
Q9CY97,Ssu72
Q3U9V1,St13
Q9D3E6,Stag1
Q3TQ49,Stam
Q3TGH8,Stam2
P51557,Star
Q66JR2,Stard10
Q8C8M3,Stat1
P42227,Stat3
P42232,Stat5b
Q9Z108,Stau1
P70302,Stim1
Q3THQ5,Stip1
Q3U3T6,Stk24
Q9JI10,Stk3
A2AQL0,Stk39
Q545B6,Stmn1
Q99JB2,Stoml2
B2RUC7,Strap
B2RQS1,Strn3
P58404,Strn4
P50427,Sts
Q3U9H4,Stt3a
Q9WUD1,Stub1
Q3TDG9,Stx12
Q9D0I4,Stx17
P70452,Stx4
D6RJ29,Stx4a
Q3TX70,Stx6
O70439,Stx7
O08599,Stxbp1
Q60770,Stxbp3
P11031,Sub1
Q3UCC6,Sucla2
Q9WUM5,Suclg1
Q9Z2I8-2,Suclg2
Q9CX34,Sugt1
P52840,Sult1a1
Q8BPG6,Sumf2
P63166,Sumo1
P61957,Sumo2
Q8R086,Suox
G3X956,Supt16
Q920B9,Supt16h
P63271,Supt4h1a
Q9Z199,Supt4h1b
O55201,Supt5h
Q62383,Supt6h
Q64310,Surf4
P70279,Surf6
Q9DBX3,Susd2
Q8K4L2,Svil
Q6A028,Swap70
A0A0A0MQ99,Swi5
Q9D5V6,Syap1
O88935-1,Syn1
Q64332,Syn2
Q7TMK9-2,Syncrip
Q6ZWQ0,Syne2
Q9D6K5,Synj2bp
Q70IV5,Synm
Q8CC35-2,Synpo
Q5SV85,Synrg
D6RFU9,Sypl
O09117-2,Sypl1
Q3TPT3,Syt1
Q9R0Q1,Sytl4
Q6NXN1,Szrd1
F8VQ95,Tacc1
Q8K0Z7,Taco1
Q8BQ46,Taf15
P37804,Tagln
Q9WVA4,Tagln2
Q93092,Taldo1
Q3TUH1,Tamm41
B2RX66,Taok1
B2RY27,Taok3
P21958,Tap1
Q3TCU5,Tapbp
Q921F2,Tardbp
Q9D0R2,Tars
Q922A3,Tars2
Q6P8M1,Tatdn1
Q3UKC1,Tax1bp1
Q9DBG9,Tax1bp3
Q8BHL3,Tbc1d10b
Q9CXF4,Tbc1d15
Q5SVR0-2,Tbc1d9b
P48428,Tbca
Q9D1E6,Tbcb
Q8VCN9,Tbcc
Q8BYA0,Tbcd
Q8C5W3-2,Tbcel
Q8BHJ5,Tbl1xr1
P70324,Tbx3
P10711,Tcea1
Q921P9,Tceal1
A2AEC2,Tceal3
Q8CCT4,Tceal5
A0A087WQE6,Tceb1
P62869,Tceb2
Q8CB77,Tceb3
Q3TH57,Tcerg1
O08784,Tcof1
P11983,Tcp1
Q99MV1,Tdrd1
Q8C5P7,Tdrp
Q9CY27,Tecr
Q91VL8,Terf2ip
Q3ULB1,Tes
D0EM45,Tesc
Q99LS5,Tex264
Q921I1,Tf
A0A0R4J1N9,Tfam
Q3UKG7,Tfeb
Q9Z1A1,Tfg
Q62219-3,Tgfb1i1
P82198,Tgfbi
P21981,Tgm2
Q3ULZ6,Tgoln2
P24529,Th
Q6XPS7,Tha1
P15306,Thbd
Q3TR40,Thbs1
Q80W22,Thnsl2
Q8R3N6,Thoc1
B1AZI6,Thoc2
Q8VE80,Thoc3
Q8C1A5,Thop1
Q569Z6,Thrap3
Q543J4,Thrsp
Q8JZL3,Thtpa
Q99J36,Thumpd1
Q53YX2,Thy1
Q91YJ3,Thyn1
P70318,Tial1
Q499M4,Tigd5
P62073,Timm10
P62075,Timm13
Q9WTQ8,Timm23
Q8R3X4,Timm44
Q9D880,Timm50
Q9WVA2,Timm8a1
P62077,Timm8b
Q9WV98,Timm9
B1AQJ3,Timp2
Q99JR5,Tinagl1
Q8BH58,Tiprl
B9EHJ3,Tjp1
Q9Z0U1,Tjp2
Q8VC30,Tkfc
P40142,Tkt
P26039,Tln1
B2RY15,Tln2
Q8K003,Tma7
Q9D1D4,Tmed10
F6V6T4,Tmed2
Q8R1V4,Tmed4
A2RS96,Tmed5
D3YZZ5,Tmed7
Q3UHI4,Tmed8
Q3UBX0,Tmem109
E9Q933,Tmem11
Q9D8Y1,Tmem126a
Q9D938,Tmem160
Q91XE8,Tmem205
Q8CIB6,Tmem230
Q9CR67,Tmem33
Q9D328,Tmem35
Q9DBS1,Tmem43
Q91ZE0,Tmlhe
P49813,Tmod1
Q9JKK7,Tmod2
Q9JHJ0,Tmod3
Q61033,Tmpo
Q6ZWX2,Tmsb4x
Q8VBT0,Tmx1
Q8BXZ1,Tmx3
Q80YX1-5,Tnc
Q9WUU8-3,Tnip1
B9EKJ7,Tnks1bp1
P20801,Tnnc2
Q9QZ47-14,Tnnt3
Q8BFY9-2,Tnpo1
Q99LG2,Tnpo2
Q8BKI2,Tnrc6b
E9Q0S6,Tns1
Q8CGB6-4,Tns2
Q5SSZ5,Tns3
O35452,Tnxb
Q9D2E2,Toe1
Q9QZ06,Tollip
Q3UDC3,Tom1
Q5SRX1,Tom1l2
Q4KL41,Tomm20
Q9CPQ3,Tomm22
Q9CYG7,Tomm34
Q9QYA2,Tomm40
B1AXP6,Tomm5
Q9D173,Tomm7
Q9CZW5,Tomm70
Q80TT4,Tomm70a
Q04750,Top1
Q64511,Top2b
Q921T2,Tor1aip1
Q9ER41,Tor1b
P70399-3,Tp53bp1
Q8CG79,Tp53bp2
Q8CFU8-2,Tp53inp2
Q99PW4,Tp53rk
E9PUA7,Tpd52
Q3V2G6,Tpd52l1
Q3TAI4,Tpd52l2
P17751,Tpi1
Q9R0M5,Tpk1
F8WID5,Tpm1
Q6PJ18,Tpm2
Q3TJ53,Tpm3
Q6IRU2,Tpm4
Q3TDY6,Tpp1
Q64514,Tpp2
Q9CRB6,Tppp3
F6ZDS4,Tpr
Q9DBS2,Tprg1l
B1AX95,Tprgl
Q8QZZ7,Tprkb
P63028,Tpt1
Q6PFR5,Tra2a
P62996,Tra2b
Q9CQN1,Trap1
Q8K2L8,Trappc12
Q3TIR1-3,Trappc13
Q9CQP2,Trappc2
Q9JME7,Trappc2l
O55013,Trappc3
Q544R8,Trappc4
Q9D289,Trappc6b
Q91XB0,Trex1
Q9D8Z2,Triap1
Q3UHH4,Trim2
Q3U7K7,Trim21
Q61510,Trim25
Q62318,Trim28
Q99KW3-4,Triobp
Q8CJ53,Trip10
B2RY51,Trip11
Q9QXN3,Trip4
Q9Z1Y4,Trip6
Q3UFY8,Trmt10c
Q5M8M3,Trmt112
Q8CE96,Trmt6
Q80XC2,Trmt61a
Q8K1J6,Trnt1
Q80W12,Trove2
A2AGS6,Trp53i11
Q3TXH1,Trp53inp2
Q543M9,Trp53rkb
Q8BS44,Trpm5
Q9R0T7,Try4
Q9EP53-4,Tsc1
P62500,Tsc22d1
B1AVF2,Tsc22d3
A0A0U1RPF7,Tsen34
Q8K239,Tsfm
Q61187,Tsg101
Q62348,Tsn
Q3TXK6,Tsnax
Q6PDN6,Tspan7
P50637,Tspo
Z4YL87,Tsr2
Q8K0G5,Tssc1
Q9JHE7,Tssc4
P52196,Tst
Q5HZI6,Tsta3
Q91Z38,Ttc1
Q3TV33,Ttc16
A3KMP2,Ttc38
E9Q6P5,Ttc7b
Q3UDE2,Ttll12
A2ASS6,Ttn
P07309,Ttr
B2M0S0,Tu11
P68369,Tuba1a
P05213,Tuba1b
A0A0A0MQA5,Tuba4a
Q7TMM9,Tubb2a
Q9ERD7,Tubb3
P68372,Tubb4b
P99024,Tubb5
Q922F4,Tubb6
Q6F4J1,Tubg1
Q8BFR5,Tufm
Q91YR1,Twf1
Q9Z0P5,Twf2
Q3UXT5,Txlna
P10639,Txn
P97493,Txn2
Q9CQU0,Txndc12
Q9CQM5,Txndc17
Q91W90,Txndc5
A0A0A6YWP9,Txndc9
Q3U8R9,Txnl1
P83877,Txnl4a
Q9JMH6-2,Txnrd1
Q9JLT4-4,Txnrd2
Q14C24,U2af1
Q505Q1,U2af2
Q6NV83,U2surp
Q8CGB3-3,Uaca
Q3TW96,Uap1l1
B9EHN0,Uba1
Q9Z1F9,Uba2
Q3TL72,Uba3
Q8VE47,Uba5
Q8VDI7,Ubac1
Q91VX2,Ubap2
Q80X50-5,Ubap2l
A0A0J9YUW6,Ube2a
P61080,Ube2d1
P61079,Ube2d3
D3YUH6,Ube2d4
Q5F239,Ube2g1
Q3U431,Ube2g2
Q3V2N4,Ube2h
P63280,Ube2i
Q6ZWQ6,Ube2k
Q561N4,Ube2l3
P61082,Ube2m
P61089,Ube2n
B7ZBY7,Ube2v1
Q4VBX4,Ube2v2
Q5DTH1,Ube3a
E9Q735,Ube4a
Q78JW9,Ubfd1
E0CYW1,Ubl5
Q8BGR9,Ublcp1
Q3TN93,Ubqln1
Q9QZM0,Ubqln2
Q99NB8,Ubqln4
A2AWT7,Ubtf
Q922Y1,Ubxn1
A0A0R4J078,Ubxn4
Q99PL6,Ubxn6
G5E8R8,Ubxn7
Q9R0P9,Uchl1
Q9JKB1,Uchl3
Q9WUP7-2,Uchl5
P12242,Ucp1
Q9CR09,Ufc1
Q9CWQ7,Ufd1l
P61961,Ufm1
Q3TS38,Ugdh
Q6P5E4,Uggt1
Q8R0M2,Ugp2
Q63886,Ugt1a1
Q544K9,Umps
Q3V299,Unc119
Q99KD5,Unc45a
P25688,Uox
Q9EPU0-2,Upf1
P52624,Upp1
B1AVZ0,Uprt
A6PWX9,Uqcc1
Q9CQY6,Uqcc2
Q3V2E3,Uqcc3
Q8R1I1,Uqcr10
Q9CPX8,Uqcr11
Q9CQB4,Uqcrb
Q9CZ13,Uqcrc1
Q9DB77,Uqcrc2
Q9CR68,Uqcrfs1
P99028,Uqcrh
Q9CQ69,Uqcrq
Q3TLD5,Uri1
Q8VC12,Uroc1
P70697,Urod
Q3UG55,Uros
Q64705-2,Usf2
Q78IK2,Usmg5
Q9Z1Z0,Uso1
P52479-2,Usp10
Q80UN0,Usp14
Q8R5H1-5,Usp15
E9Q9M5,Usp19
Q3TIX9,Usp39
Q8BY87-2,Usp47
P56399,Usp5
E9Q3B5,Usp50
F8VPX1,Usp7
P70398,Usp9x
Q5XG71,Utp20
E9Q6R7,Utrn
Q80WQ2,Vac14
P63024,Vamp3
Q9WV55,Vapa
Q8BH80,Vapb
G3UY93,Vars
P70460,Vasp
Q5RKP0,Vat1
Q80TB8,Vat1l
P61759,Vbp1
Q64727,Vcl
Q01853,Vcp
Q60932,Vdac1
G3UX26,Vdac2
Q3TX38,Vdac3
A0A140T8V3,Vdac3-ps1
Q3U6S1,Vim
Q8BX70,Vps13c
Q8BWV2,Vps16
Q9CQ80,Vps25
P40336,Vps26a
Q8C0E2,Vps26b
Q9D1C8,Vps28
Q9QZ88,Vps29
Q3TRJ1,Vps35
Q91XD6,Vps36
Q8R0J7,Vps37b
Q8R105,Vps37c
Q3TDX2,Vps4a
Q3TN07,Vps4b
Q80X41-3,Vrk1
Q4W4C9,Vsnl1
P29788,Vtn
Q8R2Z5,Vwa1
Q99KC8,Vwa5a
Q8CC88,Vwa8
Q924H7,Wac
P32921,Wars
Q9CYK1,Wars2
Q8BH43,Wasf2
Q3UGK7,Wasl
Q3U6Q1,Wbp11
P97765,Wbp2
O88342,Wdr1
Q4V9X1,Wdr12
Q4VBE8,Wdr18
Q3ULP2,Wdr20
Q8C6G8,Wdr26
Q8K4P0,Wdr33
Q3UK24,Wdr37
Q6NVE8,Wdr44
Q9CR39,Wdr45b
P61965,Wdr5
A0MNP4,Wdr61
Q9CWR1-3,Wdr73
Q99J09,Wdr77
Q8BFQ4,Wdr82
Q80WB5,Wdyhv1
Q66JT0,Wee2
Q8K1I7,Wipf1
Q6PEV3,Wipf2
Q8R3E3-2,Wipi1
Q80W47,Wipi2
Q5NBU8,Xaf1
Q00519,Xdh
Q3TL27,Xpnpep1
B7ZMP1,Xpnpep3
Q6P5F9,Xpo1
Q924C1,Xpo5
Q60596,Xrcc1
A0A0R4J187,Xrcc6
Q9DBR1,Xrn2
P46938-2,Yap1
A2A7S7,Yars
Q810K5,Ybx1
Q61478,Ybx3
Q9EQQ2,Yipf5
Q9CQW1,Ykt6
D3YWX2,Ylpm1
Q3TDV0,Ypel5
E9Q5K9-2,Ythdc1
Q91YT7,Ythdf2
Q9CQV8-2,Ywhab
Q5SS40,Ywhae
A8IP69,Ywhag
P68510,Ywhah
A3KML3,Ywhaq
P63101,Ywhaz
Q8C6B5,Yy1
Q14AZ9,Zadh2
Q8K0L9,Zbtb20
Q505B7,Zbtb8os
Q8BJH1,Zc2hc1a
Q3UL31,Zc3h11a
Q8BJ05-3,Zc3h14
Q3TIV5,Zc3h15
Q0P678,Zc3h18
Q6ZPZ3,Zc3h4
Q3UPF5,Zc3hav1
B2RX14,Zcchc11
Q9ESX4,Zcchc17
Q8VDZ4,Zdhhc5
Q3URW5,Zeb2
P23950,Zfp36l1
E9QML5,Zfp638
B2RVQ7,Zfp706
Q0VAV0,Zfp947
O88532,Zfr
Q9JMD0-4,Znf207
Q9ERU3,Znf22
O88291,Znf326
Q61464-4,Znf638
Q71FD5,Znrf2
Q3TY03,Zpr1
Q9R020,Zranb2
Q8CBM0,Zyx
Q80XN0,Bdh1
O08911,Mapk12
E0CYV9,1110002E22Rik
Q9CPN9,2210010C04Rik
B8JJ69,2310061I04Rik
D3YZD8,Aamdc
Q3TZ32,Aars
Q9CXJ4,Abcb8
P70170,Abcc9
Q9Z1Q2,Abhd16a
Q59IW5,Abi3bp
Q3TUU3,Acaa1b
Q5F2D0,Acsl6
P68134,Acta1
Q497E4,Actc1
A0A0U1RQ96,Actg2
Q7TPR4,Actn1
Q9JI91,Actn2
Q4VAF0,Acyp1
P54822,Adsl
Q8CJG0,Ago2
Q9D517,Agpat3
Q9WTP6,Ak2
Q9D8W6,Ak3
Q3UJW9,Akr1a1
Q9DBF1-2,Aldh7a1
Q924C5,Alpk3
H3BLC7,Ampd1
Q02357,Ank1
Q8C8R3-4,Ank2
G5E8K5,Ank3
Q9WV06,Ankrd2
P14824,Anxa6
Q5SWR1,Ap2b1
Q9WV35,Apobec2
Q9DCZ4,Apoo
Q9Z1K5,Arih1
Q8R5J9,Arl6ip5
Q60935,Art1
Q8R2G4,Art3
A2AL71,Asph
Q3UR55,Atp1b2
O55143,Atp2a2
Q4FK74,Atp5d
H3BLL2,Atpaf1
Q9R069,Bcam
Q3U3J1,Bckdha
Q3TDN8,Bphl
K3W4Q8,Bsg
Q91VK1,Bzw2
E9Q3C1,C2cd2
O08532,Cacna2d1
E9QA15,Cald1
P62204,Calm1
Q3TL33,Calu
F8WIS9,Camk2a
Q5SVJ0,Camk2b
A0A0G2JGS4,Camk2d
Q923T9,Camk2g
Q6ZQ73,Cand2
Q9CYT6,Cap2
Q64691,Capn3
P47753,Capza1
P47757,Capzb
Q80UY1,Carnmt1
O09161,Casq2
Q71RI9,Ccbl2
P80315,Cct4
A0A0N4SV00,Cct7
Q9WTR5,Cdh13
Q4VAA2,Cdv3
D3Z7H8,Cilp2
Q9CQB5,Cisd2
Q6P8J7,Ckmt2
Q8VBZ3,Clptm1
Q5SW19,Cluh
E9QLJ0,Cmya5
Q5NBX1,Cobl
Q30D77,Col24a1
P28481,Col2a1
Q5DTG2,Col3a1
P61202,Cops2
D3Z0F5,Cops6
E9Q3H6,Coq10a
Q8BMS4,Coq3
Q920M5-2,Coro6
P43023,Cox6a2
P47934,Crat
P50462,Csrp3
P06797,Ctsl
Q9D4H8-2,Cul2
D5MCW4,Cuta
D3YY50,Cutc
A6H653,Cyp4f39
Q3UJQ3,Dars
Q7TND9,Dbt
E9Q3M3,Dctn1
Q3TQX5,Ddx3x
Q3UGB8,Derl1
Q8CHS7,Dhrs7c
Q3TFF0,Dnaja2
Q99M87,Dnaja3
Q9JMC3,Dnaja4
Q3UDD5,Dpp3
Q91ZU6,Dst
Q9D2N4,Dtna
Q8BK84,Dupd1
Q6NT99,Dusp23
B1AQF4,Dusp3
Q3TCD4,Eci2
Q6PDI5,Ecm29
P57776-3,Eef1d
Q3TGS1,Ehd1
A2A702,Eif3m
P60843,Eif4a1
A0A0G2JH04,Eif4e
Q3V244,Eif4h
P63242,Eif5a
Q05BC3-3,Eml1
B0QZL1,Eno1
Q8BTJ4,Enpp4
Q9WUA5,Epm2a
Q8C460,Eri3
H3BKH6,Esd
Q8BWY3,Etf1
Q921G7,Etfdh
P54731,Faf1
E9PWY9,Farsa
P70695,Fbp2
Q4QRK2,Fech
Q8CIB5,Fermt2
Q6P9Q4,Fhod1
Q91V79,Fitm1
P11276,Fn1
Q9ER35,Fn3k
A0A140T8J1,Fsd2
Q3TD78,Gbas
D3YVK1,Glul
A0A0N4SVP8,Gm5580
C5H0E8,Gm9392
Q9DCZ1,Gmpr
B2RSR7,Gpd1l
A0JNY3,Gphn
Q99LD4,Gps1
O70325,Gpx4
Q3U1Q4,Grb2
Q3UTB8,Grpel1
Q9R062,Gyg1
Q3U4Y0,H1f0
B2RVP5,H2afv
Q9QZQ8,H2afy
Q99KB8,Hagh
A0A0F7QZE4,HC
Q69ZR2,Hectd1
Q9D1G3,Hhatl
P38060,Hmgcl
O88569,Hnrnpa2b1
Q20BD0,Hnrnpab
Q9Z204-4,Hnrnpc
Q60668,Hnrnpd
B2M1R6,Hnrnpk
Q570Z0,Hnrnpm
Q9Z2Y3,Homer1
Q3TEA8,Hp1bp3
Q9QZV4,Hrc
Q99PR8,Hspb2
Q5EBG6,Hspb6
P35385,Hspb7
Q7TMY8,Huwe1
Q80W93,Hydin
O88844,Idh1
E9Q800,Immt
J7NUP1,Irgm1
Q91V64,Isoc1
P85094,Isoc2a
E9Q793,Jhy
Q9ET80,Jph1
Q9ET78,Jph2
M0QW57,Jsrp1
Q3TIV6,Kars
Q61743,Kcnj11
O35367,Kera
Q69ZQ1,Kiaa1161
Q8BWA5,Klhl31
A2AUC9,Klhl41
O08677-2,Kng1
P70168,Kpnb1
Q3UV17,Krt76
Q91YP0,L2hgdh
Q3V384,Lace1
B2RWI2,Lactb
Q6ZPT2,Lars
Q6DVA0,Lemd2
Q812D5,lig-2a
Q3TVW6,Lmcd1
A0A0R4J0Q5,Lmnb2
A0T1J8,Lmo7
Q3V2D0,Lonp1
Q8CI70,Lrrc20
Q3TX82,Map2k3
P10637,Mapt
Q03141,Mark3
Q8BMF3,Me3
D3Z3L7,Mfap5
Q571M0,Mfn1
Q9CPU4,Mgst3
Q9CTY5,Micu3
V9GWW6,Mlip
Q3UN60,Mpp6
Q3UW66,Mpst
E9QK82,Mpz
A7M7Q8,Mrps23
A0A0R4J139,Msrb3
Q7JCY9,mt-Atp6
Q3UA17,Mtch2
P00397,Mtco1
Q3TI65,Mtfp1
Q3TW74,Mthfd1
Q9Z2C5,Mtm1
P03921,Mtnd5
A2AMM0,Murc
Q5XKE0,Mybpc2
P70402,Mybph
Q8R384,Myh11
G3UW82,Myh2
P13541,Myh3
Q91Z83,Myh7
A2AQP0,Myh7b
B2RWW8,Myh8
P51667,Myl2
Q9CZ19,Myl4
B2RXZ9,Mylk2
A0A0U1RP93,Mylpf
Q62234-2,Myom1
Q14BI5,Myom2
A2ABU4,Myom3
A0A509,Myot
Q9JK37,Myoz1
Q9JJW5,Myoz2
E9QJU4,Myoz3
Q5DTJ9,Mypn
G3X8Y3,Naa15
A2RSB1,Nap1l4
D3Z4B2,Napg
P09405,Ncl
D3YU17,Ncln
A0A075DCA9,ND1
A0A075DCI1,ND4
Q545K0,Ndufa1
Q9CQ91,Ndufa3
F6ZFT1,Ndufab1
O09111,Ndufb11
Q9CQC7,Ndufb4
Q8BU20,Ndufb5
A0A087WSU3,Ndufs1
E9QPX3,Ndufs4
Q8BK30,Ndufv3
A2AQB2,Neb
P08551,Nefl
Q3TN15,Nek7
A0A0R4J224,Neu2
G4W8R2,Nexn
Q921V3,Nfs1
A0A0N4SUH8,Nfu1
Q53YU5,Nol3
F8WGF2,Nos1
P60670,Nploc4
Q80XB4,Nrap
Q3UVN5,Nsfl1c
D3YYU8,Obsl1
Q4PJX1-2,Odr4
Q3U0K8-3,Ogfod1
Q8CF06,Ogfr
H7BX01,Opa1
D3YWF6,Otub1
Q3UU35,Ovos
P50580-2,Pa2g4
A3KFU5,Pabpc4
Q08642,Padi2
Q80YV4,Pank4
E0CYV0,Pcmt1
Q9CQF9,Pcyox1
Q3TJL8,Pdia6
Q8BFP9,Pdk1
O70571,Pdk4
O70209,Pdlim3
Q3TJD7-2,Pdlim7
A8Y5Q0,Pdp1
Q7TSQ8,Pdpr
Q3TGC5,Pebp1
Q149B8,Perm1
O35514,Pfkm
Q66JR7,Pgm2
Q8BZF8,Pgm5
P18826,Phka1
Q7TSH2,Phkb
P07934,Phkg1
H3BLB1,Phospho1
P52480-2,Pkm
Q3USB7,Plcl1
Q3TET5,Pmpcb
Q62009,Postn
Q3UB60,Ppid
A6H644,Ppp1r12b
Q99MR9,Ppp1r3a
P58389,Ppp2r4
B2RRX2,Ppp3ca
E0CZ78,Ppp3cb
G5E8R4,Ppp6r3
P99029,Prdx5
Q53ZU7,Prdx6
Q9QUR6,Prep
Q8BRK8,Prkaa2
Q6PAM0,Prkab2
Q9DBC7,Prkar1a
A6H667,Prkcq
Q3UYN1,Prosc
Q3TI27,Prps1
Q8C494,Prr33
E9QQ57,Prx
B2RUD7,Psap
Q3UWT6,Psma2
Q58EV4,Psma3
Q3TUI9,Psma5
E0CXB1,Psma6
Q3TIP0,Psmd2
G3UXZ5,Psme1
P17225,Ptbp1
F8VQ28,Pxn
D3Z158,Qars
P61021,Rab5b
Q3TCT9,Rab5c
P54728,Rad23b
P63321,Rala
P62835,Rap1a
A0A0G2JGC8,Rap1gds1
Q3TE95,Rcn2
Q5XPI3,Rnf123
Q91VI7,Rnh1
Q8CGM2,Rp1l1
Q6ZWV3,Rpl10
Q3U561,Rpl10a
A2BH06,Rpl11
P35979,Rpl12
Q6ZWZ7,Rpl17
P41105,Rpl28
E9PWZ3,Rpl3l
Q5FWB6,Rplp0
Q3U900,Rpn1
Q9DBG6,Rpn2
F8WJ41,Rps15a
P14131,Rps16
P25444,Rps2
Q3UXQ6,Rps4x
D3YYM6,Rps5
A2AUR7,Rsu1
Q3TIJ4,Rtca
Q6IM74,Rtn2
Q78NS1,Rtn4
E9PZQ0,Ryr1
Q0VGU0,Sar1b
Q8C483,Sars
P0C5K1,Sbk2
Q7M729,Scn4b
Q5M8N4,Sdr39u1
E9Q6R3,Sec22b
Q3TZ89,Sec31b
Q6NZN9,Sephs1
A0A0J9YTY0,Sept11
Q4FJQ6,Serpinb6a
P19324,Serpinh1
P82350,Sgca
P82349,Sgcb
Q9WUZ7,Sh3bgr
Q3TA88,Sh3kbp1
Q8VDQ8,Sirt2
Q3TMA0,Slc16a3
Q7TPW6,Slc25a20
Q3TP13,Slc27a1
Q9D1F9,Slc37a4
G3X937,Slc41a3
Q8BY89,Slc44a2
Q3URD3,Slmap
Q8CI12,Smtnl2
P97443,Smyd1
Q8R5A0,Smyd2
A2AKD7,Snta1
Q3UTJ2,Sorbs2
O70494-3,Sp3
E9QQ25,Speg
Q64105,Spr
B2RX08,Sptb
F6ZKZ3,Sqrdl
Q6P069,Sri
Q7TQ48,Srl
Q99L47,St13
Q8BZ71,Stac3
Q8C7E7,Stbd1
Q60864,Stip1
A2AD84,Stk26
Q9Z2I8,Suclg2
Q3TY32,Synpo
Q91YE8,Synpo2
Q8BWB1,Synpo2l
Q3U4T9,Sypl
Q4VBD2,Tapt1
Q8BLY2,Tarsl2
Q60949,Tbc1d1
Q545G3,Tcap
B2RTL6,Thbs4
A0A0R4J0U4,Thsd1
Q8BZA9,Tigar
O35857,Timm44
Q8C428,Tmc7
A0A0A6YVS2,Tmco1
Q8BPI2,Tmed2
D6RG44,Tmem126a
B2RVY9,Tmem182
Q3TMP8,Tmem38a
Q4VAE3,Tmem65
Q3UN19,Tmod4
A2ARI0,Tmx4
P19123,Tnnc1
D3YUN3,Tnni1
P13412,Tnni2
Q9QZ47,Tnnt3
A0A087WQ94,Tns1
A2AUD5,Tpd52l2
P58774,Tpm2
P21107,Tpm3
Q3U4M7,Tpp2
E9Q9K5,Trdn
Q1XH17,Trim72
A0A0R4J0U8,Trmt1l
Q9JJZ2,Tuba8
Q8VBT1,Txlnb
Q8CDN6,Txnl1
Q9JMH6,Txnrd1
P62984,Uba52
A0A0G2JDV6,Ubap2l
A0A0G2JE32,Ube2d3
P70362,Ufd1l
Q91ZJ5,Ugp2
Q8CGY6,Unc45b
E9PYI8,Usp14
Q8R5H1,Usp15
Q8BY87,Usp47
Q790I0,Vars
Q62465,Vat1
A3KMJ8,Vbp1
Q5EBQ0,Vdac3
Q5H8C4,Vps13a
Q8R307,Vps18
Q3TKU6,Vps35
P32921-2,Wars
P56695,Wfs1
Q4U4S6,Xirp2
Q9JKB3,Ybx3
Q9CQV8,Ywhab
Q9ESL4-2,Zak
Q3UEQ9,Aass
Q9QXD1,Acox2
Q9DC50,Crot
A0A0R4IZY2,Cyp2d26
A2ATU0,Dhtkd1
Q3T9M7,Epb42
Q3UXD9,Pecr
Q9ET30,Tm9sf3
A0A087WQY7,1810043H04Rik
Q5YD48,A1cf
Q99PG0,Aadac
Q9WVM8,Aadat
Q3UHJ0,Aak1
Q8R0P4,Aamdc
Q6XMP4,Aars
Q3THG9,Aarsd1
Q8R420,Abca3
P21447,Abcb1a
Q9DC29,Abcb6
Q8VI47,Abcc2
A0A0R4J015,Abcc3
B9EKC2,Abcc4
Q3UP03,Ablim1
Q8K370,Acad10
Q5XG73,Acbd5
Q3TU20,Ace
Q8R0I0,Ace2
Q9JIX8,Acin1
Q8R519,Acmsd
A2AKK5,Acnat1
O55137,Acot1
Q9DBK0,Acot12
Q8BWN8,Acot4
Q91V12-4,Acot7
Q3U965,Acot8
Q9R0H0,Acox1
Q9EPL9,Acox3
Q8JZR0,Acsl5
Q91VA0,Acsm1
Q8K0L3-2,Acsm2
Q8BGA8,Acsm5
Q99NB1,Acss1
Q9QZB7,Actr10
P61164,Actr1a
O35598,Adam10
Q8BKA1,Adamts18
Q9QYC0,Add1
Q8CG72-2,Adprhl2
J3QN31,Adssl1
O89020,Afm
Q80WC7,Agfg2
A0A0R4J263,Agpat1
Q8C0I1,Agps
P11859,Agt
Q3UEG6,Agxt2
Q6PAL7,Ahdc1
Q9R0Y5,Ak1
Q9WUR9,Ak4
Q91WT7,Akr1c14
Q5I0T6,Akr1c19
Q91WR5,Akr1c21
Q9D1F4,Akt1s1
Q8BH00,Aldh8a1
Q9JLJ2,Aldh9a1
P09242,Alpl
Q99JB7,Amn
O08739,Ampd3
A2RSW6,Amt
Q6ZPS6,Ankib1
Q8K3X6,Anks4b
Q8BH79,Ano10
Q6P9J9,Ano6
Q3UW32,Anp32b
P22892,Ap1g1
Q9WVP1,Ap1m2
E9Q414,Apob
Q3TXU4,Apoe
Q9DCZ4-3,Apoo
Q8R2N1,Aqp3
Q05DE0,Arfgap1
Q99K28,Arfgap2
G5E8V9,Arfip1
Q8C0D4,Arhgap12
Q3UIA2,Arhgap17
Q8K0Q5,Arhgap18
Q8C4V1,Arhgap24
A2AB59,Arhgap27
B9EKC3,Arhgap5
Q8BWA8,Arhgef19
Q60875-5,Arhgef2
Q9ES28,Arhgef7
A2BH40,Arid1a
Q8BGR6,Arl15
O88848,Arl6
Q3THR3,Arl6ip1
Q9R0Q6,Arpc1a
P98203-2,Arvcf
Q91ZT8,Asb9
Q9D8Z1,Ascc1
Q8R3P0,Aspa
Q9DCQ2,Aspdh
Q8VBT9,Aspscr1
P16460,Ass1
Q91YH5,Atl3
P98197,Atp11a
Q9EPE9,Atp13a1
G5E829,Atp2b1
Q6Q477,Atp2b4
Q920R6,Atp6v0a4
E9Q9C5,Atp6v0c
Q80SY3,Atp6v0d2
Q91YH6,Atp6v1b1
P57746,Atp6v1d
Q8BMC1,Atp6v1g3
B1AZ46,Baiap2
Q9DBJ3,Baiap2l1
A0A087WP46,BC034090
Q8K3M1,BC089597
A2AHX8,Bcl2l1
Q99N35,Bclx
Q8JZV9,Bdh2
O88738,Birc6
Q91Z96,Bmp2k
D3Z0E6,Bpnt1
P28028,Braf
P46737,Brcc3
Q8VIM4,Bsnd
Q80YW5,Bspry
A0A0R4J190,Bst1
Q3UJR8,Btf3
Q9WVA3,Bub3
E0CX20,Bud31
Q80X80,C2cd2l
Q8CI85,Ca12
Q9WVT6,Ca14
Q99N23,Ca15
Q64444,Ca4
P23589,Ca5a
Q9DB16,Cab39l
B2RQC6,Cad
P12658,Calb1
Q91WQ9,Calml4
Q3UFZ6,Caprin1
P47757-2,Capzb
A0A0R4J0W4,Car12
Q3V275,Car15
Q9D1I2,Card19
Q3UD53,Carhsp1
O08738,Casp6
O89110,Casp8
P51125,Cast
Q91WT9,Cbs
Q3TC33,Ccdc127
Q3URS9,Ccdc51
Q8BGU5,Ccny
P80313,Cct7
Q3UL22,Cct8
E9PZI9,Cd200
Q3TA14,Cd36
Q61735,Cd47
Q549D0,Cd63
P40240,Cd9
Q80UW5,Cdc42bpg
P09803,Cdh1
O88338,Cdh16
E9Q7P9,Cdhr2
Q8VHF2-2,Cdhr5
P60334,Cdo1
P28659,Celf1
Q91WG0,Ces2c
Q8BK48,Ces2e
E9PV38,Ces2g
P03953-2,Cfd
Q61407,Cfhr2
D3YUW7,Cgn
Q9CQA6,Chchd1
Q91VG6,Chchd3
B1AXC5,Chchd7
Q8CGZ0,Cherp
O35744,Chil3
O55229,Chkb
Q9CY57-3,Chtop
B1AR13,Cisd3
Q80TV8,Clasp1
Q9WVD4,Clcn5
Q9WUB7,Clcnka
Q9WUB6,Clcnkb
Q8C5W0-2,Clmn
B1AWE0,Clta
A0A0R4J0B4,Cmas
A0A0A6YW87,Cnih4
Q08091,Cnn1
B1AZ26,Cobll1
Q921L5,Cog2
Q8C0L8,Cog5
Q3TU64,Col1a2
P28481-5,Col2a1
B7ZNP3,Commd6
Q56A13,Commd7
Q8BIG7,Comtd1
Q9JHH9,Copz2
A0A0R4J066,Coq10b
Q3TLJ6,Coq3
E9PZS8,Cox7a2l
O89001,Cpd
Q80V42,Cpm
Q9JJN5,Cpn1
Q8C166,Cpne1
Q8BFS6,Cpped1
H3BJ30,Cpsf6
Q64735-2,Cr1l
O88668,Creg1
P24622-2,Cryaa
Q3UPX0,Crym
Q8BK63,Csnk1a1
Q545V8,Csnk2a2
N0E4C0,Csnk2b
A0A0J9YU62,Ctbp1
Q9CWL8,Ctnnbl1
P30999,Ctnnd1
P70303,Ctps2
Q99LJ0,Cttnbp2nl
Q9JLB4,Cubn
Q9D4H8,Cul2
A2A432,Cul4b
P97792,Cxadr
Q7TMB8,Cyfip1
Q9CX80,Cygb
Q9DBG1,Cyp27a1
P15392,Cyp2a4
O54749,Cyp2j5
D3Z7F1,Cyp2s1
Q8K0C4,Cyp51a1
P98078-2,Dab2
P61804,Dad1
A0A0R4J203,Dao
Q9ER88,Dap3
Q8BIP0,Dars2
Q3TRK3,Dbn1
Q9QZ73,Dcun1d1
Q9D9Z5,Dda1
Q80WW9,Ddrgk1
Q8VDW0,Ddx39a
Q61656,Ddx5
Q6Q899,Ddx58
Q3UVJ7,Decr2
B2ZRS5,Deptor
Q9QX60,Dguok
Q8K0E9,Dhdh
E9Q1V3,Dhodh
G5E8W9,Dhrs3
I7DM66,Dhrs7b
Q61153,Dio1
Q9DBT9,Dmgdh
Q6PNC0,Dmxl1
E9Q0T8,Dnah7a
B1AR51,Dnah9
G3X922,Dnajc13
D3Z5K6,Dnajc19
Q80TZ3,Dnajc6
G3X9G4,Dnm2
P13864,Dnmt1
Q8BIK4-2,Dock9
P28843,Dpp4
Q8CHR6,Dpyd
Q62188,Dpysl3
Q91V47,DXS254E
P63168,Dynll1
A2AVR9,Dynlrb1
Q9CXJ1,Ears2
Q3TLP5,Echdc2
Q78JN3,Eci3
A0A0R4J174,Ecsit
F6ZFU0,Eef1d
Q9JHW4,Eefsec
Q8C0D5,Efl1
Q544L9,Efnb1
A2AH85,Eftud2
P01132,Egf
Q01279,Egfr
Q8K1X5,Ehd1
A4FUS0,Eif2b3
Q3UIJ2,Eif2s3x
Q3THA0,Eif3g
P10630-2,Eif4a2
Q3TG58,Eif4h
Q8BHL5-3,Elmo2
Q8C7X2-2,Emc1
Q99KI3,Emc3
E9QK48,Eml2
Q69ZY2,Endod1
F7A1B4,Eng
P06802,Enpp1
Q6DYE8,Enpp3
Q5DTL0,Enpp5
Q8CDV7,Entpd1
A0A068WAQ5,Epb41
Q9Z2H5-2,Epb41l1
Q8BGS1,Epb41l5
Q99JW5,Epcam
Q80VP1,Epn1
Q91W69,Epn3
Q99K30,Eps8l2
B2RUK2,Erbb2ip
G3UW85,Erh
Q91X78,Erlin1
Q3UVK0,Ermp1
Q3TL10,Etf1
Q8R3S6,Exoc1
Q9D4H1,Exoc2
Q8BIT7,Exoc3
O35382,Exoc4
O35250,Exoc7
Q6PGF7,Exoc8
Q3TBR2,F10
O88792,F11r
O08914,Faah
E9Q0H6,Fabp7
Q3TDN2,Faf2
Q8C729,Fam126b
Q8QZW3,Fam151a
Q3TCJ1,Fam175b
Q8VCS3,Fam20b
Q3U125,Fam213a
Q8C0Z1,Fam234a
G5E911,Fam3c
Q9D8N2,Fam45a
D3YXJ5,Fam84b
Q3TJZ6,Fam98a
E9PYD1,Fam98c
F8VPU2,Farp1
Q91VS8,Farp2
Q99M01,Fars2
Q3TG12,Farsb
P35550,Fbl
Q08879-2,Fbln1
Q3U7U3,Fbxo7
Q920E5,Fdps
Q61578,Fdxr
Q91Z50,Fen1
Q8K1B8,Fermt3
Q9QXC1,Fetub
E9PV24-2,Fga
A2AJL3,Fggy
E9PZ91,Fhit
P97447,Fhl1
O35465,Fkbp8
Q8R123-2,Flad1
Q9JJ28,Flii
Q9JL26,Fmnl1
Q8VHG0,Fmo4
P35922,Fmr1
O35409,Folh1
P35846,Folr1
Q3TQB2,Foxred1
Q91WJ8,Fubp1
A2AJ72,Fubp3
Q3TCW3,Fuca1
Q9DB70,Fundc1
Q8R2K1,Fuom
Q564D0,Fus
Q61584-6,Fxr1
Q3TA75,Fxr2
Q04646,Fxyd2
Q8VDC1,Fyco1
A0A0R4J0F6,Gak
P54818,Galc
Q68FH4,Galk2
Q8K157,Galm
Q571E4,Galns
Q921L8,Galnt11
Q3UM52,Galnt2
Q03249,Galt
O35969,Gamt
Q6PAR5,Gapvd1
P11862,Gas2
Q9D964,Gatm
Q9D6Y9,Gbe1
Q6DFZ1,Gbf1
O09172,Gclm
Q09324,Gcnt1
Q6P5E6,Gga2
Q8BMI3,Gga3
E0CX39,Ggact
Q9D7X8,Ggct
Q60928,Ggt1
Q5F258,Git1
B1ASZ3,Gk
Q8VC60,Glb1l
Q91W43,Gldc
Q9D8I3,Glod5
A2A5W4,Glrx2
D3Z7P3,Gls
D3Z1H9,Gltp
A0A0R4J1H2,Glyctk
Q8K0V9,Gm10639
G3UYJ7,Gm20441
E9Q2A2,Gm38392
J3QNT2,Gm5435
P01639,Gm5571
Q8K0C9,Gmds
P27601,Gna13
B2RSH2,Gnai1
A0A0N4SW28,Gng12
Q9QXF8,Gnmt
Q9JK38,Gnpnat1
Q921M4,Golga2
Q9QYE6,Golga5
E9PVZ8,Golgb1
A2ATI6,Gorasp2
Q542P2,Gpm6a
P28798,Grn
E9Q179,Grsf1
D3Z7E5,Gsk3a
P10648,Gsta2
P30115,Gsta3
Q64471,Gstt1
Q6P6I4,Gstt3
Q0VGZ0,Gtf2a1
Q9ESZ8,Gtf2i
O08582,Gtpbp1
O54865,Gucy1b3
Q564G0,Guk1
P84244,H3f3a
D3YZ54,Hacl1
Q99KK9,Hars2
A0A0G2JDP0,Hax1
P04444,Hbb-bh1
A0A0B6VMB2,HC
P70288,Hdac2
Q9Z2V5,Hdac6
Q3TR90,Hdgfrp3
Q8C547,Heatr5b
Q9R257,Hebp1
Q3U487,Hectd3
Q3TLL4,Hgs
Q9CPS6,Hint3
Q6ZQ77,Hip1r
P10853,Hist1h2bf
A0A0J9YUZ4,Hmgb1
P14901,Hmox1
Q3U6W4,Hmox2
A2AQK4,Hnmt
P49312,Hnrnpa1
A2AL12,Hnrnpa3
Q80XR6,Hnrnpab
Q811L7,Hnrnph1
P61979,Hnrnpk
Q9CSH0,Hnrnpll
Q8C290,Hnrnpu
Q9DCU9,Hoga1
Q8BIL5,Hook1
Q8BUK6,Hook3
A0A0R4J0T0,Hscb
P50172,Hsd11b1
P51661,Hsd11b2
Q9CYT3,Hsd17b10
P26150,Hsd3b3
Q3UIU9,Hsd3b4
Q9CZJ2,Hspa12b
P17879,Hspa1b
Q99P31,Hspbp1
Q3U816,Htatip2
Q9JIY5,Htra2
P42859,Htt
Q5U5V2,Hykk
P13597,Icam1
P35330,Icam2
P58044,Idi1
Q5FW82,Ifit3
Q99J93,Ifitm2
Q9D057,Igfbp2
A0A075B5P5,Ighg3
A0A140T8N0,Igkv9-120
Q61730-3,Il1rap
Q3UXI9,Ilf2
Q45VK6,Ilf3
Q8BU33,Ilvbl
O55023,Impa1
Q3TC14,Impa2
Q63ZW7,Inadl
Q6P4S8,Ints1
Q8VI75,Ipo4
Q811J3,Ireb2
Q8R3Y8,Irf2bp1
P70671,Irf3
Q8C863,Itch
Q62470,Itga3
Q61739,Itga6
O70309,Itgb5
Q61702,Itih1
Q61703,Itih2
O89051,Itm2b
P11881,Itpr1
Q9Z329,Itpr2
P70227,Itpr3
Q9Z0R6,Itsn2
Q920Q8,Ivns1abp
Q9DCX8,Iyd
P52332,Jak1
Q9Z307,Kcnj16
Q6ZQ88,Kdm1a
Q9DCY0,Keg1
A0A0J9YU79,Khk
Q8C2E7,Kiaa0196
Q3UMB9,Kiaa1033
A2A7S8-4,Kiaa1522
Q8CD76,Klc1
A2APT9,Klhdc7a
P26262,Klkb1
Q91WN4,Kmo
Q6S9I3,Kng2
Q4FJZ2,Kpna6
P32883-2,Kras
P19001,Krt19
Q9DCV7,Krt7
P11679,Krt8
P57016,Lad1
P17047,Lamp2
G3UW70,Lamtor5
Q9JJK2,Lancl2
Q6ZQ58,Larp1
A0A0U1RNF2,Lcmt1
P16110,Lgals3
Q3UX93,Lin7c
Q9D0F3,Lman1
D3Z4P2,Lman2l
E9PYF4,Lmo7
Q9DBN5,Lonp2
Q91V01,Lpcat3
P11152,Lpl
E9Q3Y4,Lrba
A2ARV4,Lrp2
A0A0R4J0W6,Lrrc40
Q505F5,Lrrc47
Q3UZ39-2,Lrrfip1
Q5S006,Lrrk2
O35901,Lsm2
Q9QXA5,Lsm4
Q7TNC4,Luc7l2
Q5SUF2,Luc7l3
A0A087WNZ5,Ly6c1
P24668,M6pr
E9PVY8,Macf1
A2ADH1,Magt1
Q8VCV9,Majorfacilitatorsuperfamilydomain-containingprotein4B1
F8WIE1,Man2c1
A0A0R4J092,Manba
Q05512,Mark2
Q99LB6,Mat2b
Q5BL18,Matr3
A0A0A6YWB0,Mbnl1
Q9CXD6,Mcur1
P28825,Mep1a
Q61847,Mep1b
A4FUV6,Met
Q8C6B0,Mettl7a1
Q5I0W6,Mettl7a2
Q9DD20,Mettl7b
Q6PCP5,Mff
P21956,Mfge8
A0A0J9YVE6,Mgam
Q921V5,Mgat2
Q9EQQ9-3,Mgea5
E9QJW0,Mgst1
Q9QXN5,Miox
A6H611,Mipep
Q9D279,Misp
Q61391,Mme
Q3U026,Mogs
Q80TL7,Mon2
Q8R0J2,Mpdu1
Q8VBX6-2,Mpdz
B2RRY4,Mpp5
Q8BVD5,Mpp7
Q99MS3,Mpv17l
Q64449,Mrc2
Q99N96,Mrpl1
Q7TMH5,Mrpl13
Q9CPR5,Mrpl15
Q99N93,Mrpl16
Q9CQL5,Mrpl18
B1B1D8,Mrpl2
Q9CQL4,Mrpl20
Q8BU88,Mrpl22
Q9D1B9,Mrpl28
Q91XB2,Mrpl3
Q8CCX9,Mrpl39
Q9DCU6,Mrpl4
Q5RL20,Mrpl43
Q3U9C4,Mrpl44
Q9EQI8,Mrpl46
E9QPQ8,Mrpl48
Q9CPY1,Mrpl51
Q9D1H8,Mrpl53
Q9CZ83,Mrpl55
D3Z6K5,Mrps10
Q99N85,Mrps18a
Q924T2,Mrps2
Q059G7,Mrps21
A0A0R4J0L6,Mrps35
Q80X85,Mrps7
Q9D6Y7,Msra
Q3TNL9,mt-Nd1
Q7GIP5,mt-Nd3
Q7JCY6,mt-Nd4
Q791T5,Mtch1
Q80TA6,Mtmr12
L8AZD2,Mtmr6
Q9Z2D0,Mtmr9
Q9JLN9,Mtor
A6H5Y3,Mtr
O08601,Mttp
Q99JF5,Mvd
Q3THX5,Mvp
Q8C854,Myef2
Q6URW6,Myh14
Q60605-2,Myl6
I7HPW8,Myo15b
Q9JMH9,Myo18a
P46735,Myo1b
Q9WTI7,Myo1c
P21271,Myo5b
E9PVU0,Myo6
Q99MZ6,Myo7b
Q69ZN7,Myof
B1AUY7,Naa10
G3UWC2,Naalad2
Q3U6T2,Naga
Q9D997,Nagk
Q8CC86,Naprt
Q3U7H1,Napsa
Q8BGV0,Nars2
Q99MD9,Nasp
E9PUL7,Nat8f1
Q6ZQA0,Nbeal2
A0A0A6YY47,Ncam1
A0A0A0MQ97,Nccrp1
P28660,Nckap1
Q6ZQF2,Ncstn
A0A075DCW1,ND3
Q545R3,Ndrg1
Q9CWG8,Ndufaf7
Q8K3J1,Ndufs8
Q9DC07,Nebl
Q3UL64,Neu1
B1AUB8,Nfia
B2RR26,Nhlrc2
Q8VDK1-2,Nit1
Q3UBB6,Nolc1
Q3TF40,Nono
Q3TCV9,Npepl1
Q9DCJ9,Npl
P97300,Nptn
Q542Y0,Nqo1
D3YUV1,Nrbp1
Q3US15,Nsdhl
Q3V1L4,Nt5c2
Q9D020,Nt5c3a
Q3UFY7,Nt5c3b
Q0VEE0,Nt5e
Q0VEM1,Ntn4
Q9D142,Nudt14
A0A087WRE5,Nudt16
P11930,Nudt19
P56380,Nudt2
Q8CDZ5,Nup133
E9Q3G8,Nup153
Q3UL43,Nup155
Q9Z0W3,Nup160
Q6PDG0,Nup205
Q3TFE2,Nup62
Q8BJ71,Nup93
Q3UG43,Oard1
Q4PJX1,Odr4
P58281,Opa1
Q505D7,Opa3
Q91XL9,Osbpl1a
Q9DBS9,Osbpl3
B9EJ86,Osbpl8
A0A0A6YXH3,Osbpl9
Q78XF5,Ostc
Q8VE38,Oxnad1
P63005,Pafah1b1
E9QNW6,Pafah2
P16331,Pah
Q9ET54,Palld
Q6ZQE7,Palm
Q543J7,Pank1
Q4GX45,Paox
Q60967,Papss1
O88428,Papss2
Q6TCG2,Paqr9
Q9JK83,Pard6b
D6RJ50,Parl
Q3TF18,Parp1
Q3UGL7,Parp3
Q925B0,Pawr
A2AIU6,Pax8
Q9DCG6,Pbld1
K3W4L7,Pbld2
P57722,Pcbp3
Q542C3,Pcif1
Q9Z2V4,Pck1
E9QPD7,Pcx
Q3TVT6,Pcyox1
A2ABY3,Pcyt2
Q3TIU4,Pde12
Q3UEI1,Pde4c
A0A0R4J0Z1,Pdia4
Q504M2,Pdp2
Q6A026,Pds5a
A0A0R4J034,Pdxdc1
A0A0R4J1V0,Pdzk1
G3UW41,Pdzk1ip1
Q08481-3,Pecam1
Q9WU28,Pfdn5
P47857,Pfkm
Q9WUA3,Pfkp
B0LAA9,Pgk1
Q9D0F9,Pgm1
Q9ESW8,Pgpep1
O55022,Pgrmc1
Q80UU9,Pgrmc2
Q8K1N2,Phldb2
E9Q3L2,Pi4ka
Q570Z8,Picalm
F8VPL2,Pik3c2a
Q8VD65,Pik3r4
Q544E3,Pip4k2a
Q91XU3,Pip4k2c
Q3UEJ8,Pipox
Q3TGI6,Pitpna
Q8K411,Pitrm1
E9Q509,Pklr
P70268-2,Pkn1
Q68FH0,Pkp4
P47713,Pla2g4a
P51432,Plcb3
Q8R3B1,Plcd1
Q8CIH5,Plcg2
Q3UIL6-2,Plekha7
Q91WB4,Plekhf2
P20918,Plg
Q3V0K9,Pls1
Q9DC11,Plxdc2
Q8C165,Pm20d1
Q60953,Pml
A0A0J9YVJ6,Pnkp
Q3TRM4,Pnpla6
Q91VA6,Poldip2
A0A0R4J0V5,Polr2a
Q8CFI7,Polr2b
Q62009-3,Postn
Q8CIH9,Ppat
Q8BZB2,Ppcdc
Q9R269,Ppl
P36993,Ppm1b
Q3UYC0,Ppm1h
Q60829,Ppp1r1b
A2ADR8,Ppp1r8
Q91V89,Ppp2r5d
Q3TEL0,Ppt1
Q7TMR0,Prcp
Q3UAP1,Preb
Q3TWR3,Prkag1
P28867-2,Prkcd
Q9JIF0,Prmt1
Q9WU79,Prodh
Q8VCZ9,Prodh2
G3X9J8,Prom1
Q3UUY6,Prom2
Q9D820,Prorsd1
Q9R1C7,Prpf40a
Q9CS42,Prps2
Q8R574,Prpsap2
Q3TLH4,Prrc2c
Q3ULZ3,Psat1
P70195,Psmb7
B7ZCF1,Psmc3
Q3TXV1,Psmd2
Q9CX56,Psmd8
Q5SSW2,Psme4
A0A0J9YVH9,Psph
G3UXA6,Ptbp3
P22437,Ptgs1
P34152,Ptk2
Q9QVP9,Ptk2b
P29351,Ptpn6
P18052,Ptpra
A2A8L5,Ptprf
P35822,Ptprk
F6TFF2,Pttg1ip
Q9WU56,Pus1
P42925,Pxmp2
Q8CHP5,Pym1
Q3U4I7,Pyroxd2
Q9QYS9-2,Qki
Q9CZN8,Qrsl1
Q78ZJ8,Rab11b
E9Q8L9,Rab11fip1
Q8CHD8,Rab11fip3
A0A0N4SW73,Rab11fip5
Q0PD35,Rab21
P35285,Rab22a
Q8VDV3,Rab3il1
Q68EF0,Rab3ip
Q0PD50,Rab8a
A2AWA9,Rabgap1
Q3UIH7,Rabggta
P63001,Rac1
Q8CCG5,Ralb
Q99KG3,Rbm10
Q3U313,Rbm39
D3YYW8,Rbm42
Q91WT8,Rbm47
Q9CWZ3,Rbm8a
A0A0N4SUH6,Rbm8a2
Q8VC52,Rbpms2
Q3U6D2,Rcc1
Q9R1R8,Rdh11
Q8CEE7,Rdh13
O54909,Rdh16
P06281,Ren1
D6RHA2,Renbp
Q99P87,Retn
Q64FW2,Retsat
Q3UD20,Rexo2
Q9D0K3,Rfc2
B7TVI1,Rhbg
Q4VAE6,Rhoa
Q8CI78,Rmnd1
Q5UCA9,Rnase4
Q9ET26,Rnf114
E9Q555,Rnf213
P70336,Rock2
Q9EPK2,Rp2
B2KGF0,Rpe
Q9CWK0,Rpl14
Q3U7D2,Rpl15
Q5M9M5,Rpl23a
Q5M9L1,Rpl36
A0A140T8K6,Rpl36-ps3
Q3U8M3,Rpl37a
Q5RKP4,Rpn1
A0A0R4J195,Rprd1b
P62849-2,Rps24
P62858,Rps28
A7E215,Rps6ka3
Q80X95,Rraga
Q3TAJ5,Rsl1d1
Q9D031,Rsu1
Q8C6B2,Rtkn
Q9ES97-3,Rtn3
Q9WTM5,Ruvbl2
A0A0A0MQ90,S100a13
Q69Z37,Samd9l
Q60710,Samhd1
O55128,Sap18
Q3TQD9,Sardh
Q8BI29,Sarg
P26638,Sars
Q3TD71,Scamp1
Q9ERN0,Scamp2
O35114,Scarb2
Q8BRF7-3,Scfd1
Q60604,Scin
A0A0R4J069,Scly
Q78YZ6,Scoc
Q80U72-4,Scrib
D3YTS1,Sec11a
A2AA71,Sec24a
Q80ZX0,Sec24b
G3X972,Sec24c
P62342,Selt
P42208,Sept2
B1AQY9,Sept8
Q80UG5,Sept9
Q9CY58-2,Serbp1
Q9EPB5,Serhl
Q62203,Sf3a2
Q3UJB0,Sf3b2
Q921M3-2,Sf3b3
O70456,Sfn
Q8C4U3,Sfrp1
Q925N2,Sfxn2
Q91V61,Sfxn3
Q925N0,Sfxn5
Q3UW73,Sgk2
Q8BJU0,Sgta
Q3U9A8,Sh3bgrl
A0A087WS96,Sh3bgrl2
Q3TJB4,Sh3gl1
Q8BXU5,Sh3gl2
Q9JK48,Sh3glb1
A2AWI7,Sh3glb2
G3X9F6,Sh3tc1
Q9D5J6,Shpk
Q3UKS3,Sigirr
Q8R104,Sirt3
Q6NZR5,Skiv2l
Q0VBB8,Slc10a2
P55014,Slc12a1
Q543E4,Slc12a3
Q9ES88,Slc13a2
A2A4U9,Slc13a3
E9PYQ9,Slc15a2
P53986,Slc16a1
P51906,Slc1a1
O08966,Slc22a1
A0A0R4J1I9,Slc22a12
Q6A4L0,Slc22a13
Q6A4K9,Slc22a19
O70577,Slc22a2
Q9Z306,Slc22a4
Q3USA0,Slc22a5
Q8VC69,Slc22a6
A0A0R4J122,Slc22a7
O88909,Slc22a8
Q9Z2J0,Slc23a1
Q8C140,Slc25a13
Q9WVD5,Slc25a15
Q9DAM5,Slc25a19
E9PV90,Slc25a22
Q5SWT3,Slc25a35
Q922G0,Slc25a36
Q8R0Y8,Slc25a42
Q8CFJ7,Slc25a45
O35488,Slc27a2
Q91VE0,Slc27a4
P17809,Slc2a1
P14246,Slc2a2
Q60825,Slc34a1
Q91WV7,Slc3a1
Q8CGA3,Slc43a2
Q3ULA4,Slc44a4
Q8K0H1-2,Slc47a1
Q9QXX5,Slc5a1
F6UXY4,Slc5a10
Q8K0E3,Slc5a11
Q923I7,Slc5a2
Q9JKZ2,Slc5a3
Q8BYF6,Slc5a8
Q8VDT1,Slc5a9
O88576,Slc6a18
Q9D687,Slc6a19
O88575,Slc6a20b
Q3UPI8,Slc6a6
Q9QXW9,Slc7a8
Q8BXB3,Slc8a1
Q99J94,Slco1a6
Q3TKT4,Smarca4
P70158,Smpdl3a
Q3TW51,Snd1
B7ZNU9,Sntb2
Q8BVL3,Snx17
Q3UHD6,Snx27
Q3TJN6,Snx5
Q3U0I9,Snx8
Q9CZK0,Snx9
Q3UTJ2-2,Sorbs2
O88307,Sorl1
Q9D958,Spcs1
A0A140LHG8,Spcs2
Q3ULF4,Spg7
P09036,Spink1
Q9JJF9,Sppl2a
Q68FG2,Sptbn2
Q8BZX4,Srek1
Q543H0,Srm
G5E8T3,Srp19
E9Q740,Srp72
Q9QZX7,Srr
Q99MR6-2,Srrt
H7BX95,Srsf1
Q9R0U0-2,Srsf10
E9Q6E5,Srsf11
P84104,Srsf3
Q3THA6,Srsf7
A2AQD6,Ssfa2
Q543E3,St14
A2AFF6,Stag2
Q9JMD3,Stard10
Q9EPQ7,Stard5
A0A087WSP5,Stat1
Q3UKX3,Stau1
Q99KH8,Stk24
Q9Z2W1,Stk25
D3Z1Z8,Stmn1
Q9ERG2,Strn3
A0A0R4J0D3,Stt3b
Q9ER00,Stx12
Q8CAN1,Stx3
Q548T0,Stxbp2
Q7TNE1,Sugct
Q9D939,Sult1c2
Q3UZZ6,Sult1d1
Q9D666,Sun1
Q80YD1,Supv3l1
Q3U7E6,Surf4
A0A0R4J259,Syncrip
Q8CHC4,Synj1
Q8BGV3,Tacstd2
P54797,Tango2
Q8BUM1,Tardbp
Q3U3T9,Tbc1d1
P58802,Tbc1d10a
Q8R3D1,Tbc1d13
Q5SVR0,Tbc1d9b
Q91YM4,Tbrg4
A0A087WNT1,Tceb1
O88968,Tcn2
Q9D828,Tfg
Q62351,Tfrc
Q62219-10,Tgfb1i1
A0A0R4J293,Tgm1
Q6P3Z3,Thap4
P35441,Thbs1
Q3UUI3,Them4
Q9DCP4,Them7
A0A0R4IZY0,Thop1
Q69ZU6,Thsd7a
P01831,Thy1
Q9CQ85,Timm22
Q8BUY5,Timmdc1
Q91XG7,Tinag
H3BJ97,Tinagl1
P39447,Tjp1
Q3UZ47,Tjp3
E9PUM4,Tln2
P58021,Tm9sf2
Q8BH24,Tm9sf4
Q99KF1,Tmed9
D3Z191,Tmem106b
Q8C1E7,Tmem120a
Q9CYV5,Tmem135
Q3TBT3,Tmem173
Q8BPE4,Tmem177
Q91W52,Tmem19
Q8BM55,Tmem214
Q9CQ00,Tmem261
Q9ESG4,Tmem27
Q8VEK0,Tmem30a
A0A0R4J1Z3,Tmem33
Q9D7L8,Tmigd1
Q3TFA9,Tmod3
Q3TNH0,Tmpo
G5E8C4,Tmtc3
D3Z2J6,Tmx2
D3Z325,Tnfaip8
P58871,Tnks1bp1
Q8BFY9,Tnpo1
Q6DI95,Tnpo3
A0A087WQS0,Tns1
O88746,Tom1
Q9Z321,Top3b
Q921T2-2,Tor1aip1
D3Z7X7,Tpd52
B2RUC1,Tpd52l1
E9Q450,Tpm1
A2AIM4,Tpm2
E9Q7Q3,Tpm3
A0A0R4J018,Tpmt
O89023,Tpp1
B2RXC1,Trappc11
Q3V493,Trappc4
Q9CQA1,Trappc5
E9PWG2,Trappc8
Q3U0M1,Trappc9
Q3TMB5,Trip6
Q8VCR4,Trmt112
Q3TJ75,Trove2
D3Z1H6,Trpv4
Q8R3G9,Tspan8
H7BWY8,Tsr2
E9PY03,Tstd1
Q8VBW8,Ttc36
B2M0R9,Tu11
P68373,Tuba1c
A2AQ07,Tubb1
Q9CWF2,Tubb2b
G3UZY2,Txn2
Q9JLT4,Txnrd2
Q99MD6,Txnrd3
Q9DBA6,Tysnd1
P26369,U2af2
Q3TAD4,Uap1
Q80X50,Ubap2l
Q6ZPJ3,Ube2o
Q6ZWZ2,Ube2r2
Q3UE37,Ube2z
O08759,Ube3a
P21126,Ubl4a
A2AN08,Ubr4
Q9DBH1,Ubtf
Q9WUP7,Uchl5
Q8CCJ3,Ufl1
P70691,Ugt1a2
Q6ZQM8,Ugt1a7c
Q3UP75,Ugt3a1
Q8JZZ0,Ugt3a2
Q91X17,Umod
Q3TVV7,Umps
Q9EPU0,Upf1
Q3TIC8,Uqcrc1
P52479,Usp10
B1AY13,Usp24
P35123,Usp4
Q3U4W8,Usp5
E9PXY8,Usp7
E9QK83,Utp20
P70280,Vamp7
Q3TXD3,Vat1
A0A0R4J0M9,Vcpip1
Q62468,Vil1
P20152,Vim
Q9Z0K8,Vnn1
G3X8X7,Vps16
D3Z645,Vps29
Q80XK7,Vps33a
P59016,Vps33b
Q8VEJ9,Vps4a
Q3UVL4,Vps51
Q8CCB4,Vps53
Q9CR26,Vta1
Q8VDD8,Wash1
Q91YD9,Wasl
A0A0J9YUG5,Wbscr27
Q6VNB8,Wdfy3
Q8K412,Wdr13
Q5ND34,Wdr81
Q6DID7,Wls
Q3UE92,Xpnpep1
B1AVD2,Xpnpep2
Q9EPK7,Xpo7
Q9CRT8,Xpot
P27641,Xrcc5
P23475,Xrcc6
Q66JV3,Xylb
P46938,Yap1
Q8BYL4,Yars2
P62960,Ybx1
Q04736,Yes1
Q8BYK6-2,Ythdf3
E9Q8K8,Zc3h4
A2BI37,Zfp185
Q3U7F6,Zfp422
E0CX79,Zfpl1
Q80W54,Zmpste24
Q62384,Zpr1
D3Z4U0,Zranb2
Q3TCR9,Zyx
Q9Z204,Hnrnpc
Q00896,Serpina1c
G5E8X1,0610011F06Rik
Q7TMS5,Abcg2
Q91V92,Acly
Q3UIJ3,Actc1
P63260,Actg1
D3Z494,Akr1b10
Q3V1D3,Ampd1
A7YL62,Apoa2
F6RER8,Art3
Q8K0L0,Asb2
Q6P8S1,Asph
Q8CJ27,Aspm
Q9Z1W8,Atp12a
Q8C213,Atp2a3
O35658,C1qbp
Q5DTR6,C2cd2
Q02789,Cacna1s
A2A542,Cacnb1
D3Z3Z3,Cacnb3
Q4QRL3,Ccdc88b
Q8BVY8,Cct8
Q99PF4,Cdh23
Q6A078,Cep290
Q8BGS7,Cept1
A0A0R4J093,Cmpk1
P53996,Cnbp
Q70YN3,COI
A1A557,Comp
Q3TVK3,Dnpep
A2BFF7,Dync1i2
A0A087WS46,Eef1b2
Q3U8X1,Eif3f
Q3T9Y8,Eif3i
D3Z4J9,Eml1
P34914,Ephx2
Q3URM4,Erp44
P62932,Fbxo40
Q8VCM7,Fgg
Q8VHX6,Flnc
A2ARZ3,Fsip2
E9PZB3,Gm5093
H3BKR2,Gnb1
A2AQR0,Gpd2
Q91XR9,Gpx4
P13020,Gsn
A0A068BEQ2,H2-Ke6
A0A0R4J052,Hagh
Q3U890,Hars
G3X9W0,Hnrnpd
Q8R081,Hnrnpl
G5E8J6,Hrc
Q61699-2,Hsph1
Q9JHR7,Ide
Q3KNY0,Igfn1
Q3TME6,Impa1
Q3U589,Itpa
Q8R2P8,Kars
G3X9D8,Klhl31
A0A0R4J166,Klhl40
Q60960,Kpna1
Q3UGH8,Kpna4
Q61595-9,Ktn1
Q9DD02-2,L7rn6
B9EKB0,Lamb1
A0JP45,Lmod3
Q8BU87,Lrrk2
Q543Z5,Map2k6
A0A0U1RNK6,Mat2a
Q3TTX0,Matr3
P04370-10,Mbp
Q80U88,mKIAA0038
Q9QWV4,Mlf1
Q3T9U1,Mob1b
D3Z786,Mpc1
G0YZM8,Mybpc1
Q7TPH6,Mycbp2
B1AR69,Myh13
Q3THE2,Myl12b
Q8CI43,Myl6b
Q9JMH9-4,Myo18a
O70624,Myoc
A0A068BGR9,Ndufa7
Q9D6H6,Ndufb3
P08553,Nefm
Q9ES74,Nek7
Q6NSR8,Npepl1
Q9CVI1,Nqo2
Q3TGU7,Pa2g4
Q3UX16,Pabpc4
Q05920,Pc
B2M1R7,Pcbp2
O70400,Pdlim1
Q9CRA2,Pdlim5
E9Q8R1,Pfdn4
A2AFM9,Pfkfb1
Q7TNU0,Pgm2
D3Z636,Ppa2
Q8R4S0,Ppp1r14c
Q6A0D0,Prdx6
Q8K1M3,Prkar2a
Q3UPD5,Prps1
Q8BTU5,Psma1
Q3UWW9,Psmd11
B1AT36,Psmd12
Q9CZZ4,Psmd9
G3X9V0,Psme2
D3Z7C6,Ptges3
Q8BU21,Qars
E9Q6Q4,Rap1gds1
Q9EQZ7,Rims2
Q05CH9,Rnf123
Q505B1,Rpl17
B1ARA5,Rpl26
Q3U850,Rpl5
D3Z629,Rpl9
Q7TT45,Rragd
Q3TJ01,Rtcb
Q99JZ4,Sar1a
Q5XK33,Sdhc
Q8C2A3,Sept7
Q3UEI6,Serbp1
Q78PY7,Snd1
O70492,Snx3
Q62407,Speg
Q52PE3,Ssr1
Q9Z2I9,Sucla2
G3UWI9,Sumo3
Q6ZWR6,Syne1
O09117,Sypl1
A2AE45,Sypl2
Q3UHS6,Tln1
Q921L3,Tmco1
Q9EP64,Tnmd
Q9WUZ5,Tnni1
O88346,Tnnt1
Q545Y3,Tpm1
F6UMH9,Ubac1
Q80X50-2,Ubap2l
A0A0J9YUI1,Ube2k
B2RTM2,Ucp3
Q7TPT7,Vars
D3YYD5,Vps29
Q3TJ43,Vps35
Q9DBP6,Wbp2
E9QQ93,Xirp1
B2RPU8,Zbed5
P04370-4,Mbp
Q8K448,Abca5
P70170-2,Abcc9
Q8CI22,Akr1b10
Q3U5N9,Anxa1
Q69ZW4,Ap2a2
A2AU72,Armc3
E9Q827,Arpp19
Q3TBX5,Aup1
P50136,Bckdha
A2A545,Cacnb1
Q6PHZ2,Camk2d
Q3TNN6,Capg
D3YX12,Cept1
Q64347,Clcn1
P28481-6,Col2a1
Q9R0G6,Comp
A0A140LIF0,Coq7
A0A0A6YXR4,Cryz
A0A0G2JF72,Csde1
G5E850,Cyb5a
E9Q919,Dctn3
B2ZRS6,Depdc6
O89114,Dnajb5
P60840,Ensa
Q3TC72,Fahd2
P49945,Ftl2
Q3UJP8,Gart
Q3UC72,Gdi2
S4R1W1,Gm3839
F6SVV1,Gm9493
A0A0E4B366,HC
Q3U292,Hist1h1d
F6ZV59,Hnrnpd
Q9Z2Y3-2,Homer1
B9EIW1,Hrc
Q3U5R8,Impa1
Q9D783,Klhl40
Q9JKS4-4,Ldb3
Q8VED9,Lgalsl
J3QP56,Lypla1
Q5SWN9,Map2k3
Q8BJ34,Marf1
Q3TWT2,Memo1
Q811U4,Mfn1
D3YU50,Mybpc1
Q7TPH6-2,Mycbp2
P09541,Myl4
Q9QY06-3,Myo9b
Q8BSH9,Nap1l1
Q9DC69,Ndufa9
P19246,Nefh
Q3ULV6,Neu2
A3KFX0,Nt5c1a
Q3UDR2,P4hb
Q3TF69,Pcbp2
Q8BVJ7,Pdlim7
E9Q4Q8,Pfdn4
J3QPW1,Pitpna
Q9QXS1-10,Plec
Q5BKS2,Ppm1b
Q63810,Ppp3r1
E9PW69,Psma4
Q8C1T2,Psmd6
P35279,Rab6a
Q62159,Rhoc
O09167,Rpl21
Q4VAF2,Rpl37a
D3YVF4,Rps14
D3YTQ9,Rps15
D3YUG3,Rps19
Q3UCL7,Rps3
Q9D3M4,S100a1
Q9EQ83,Sgcg
Q8R558,Sh3bgr
Q60714,Slc27a1
P04919-2,Slc4a1
O70494,Sp3
Q3UDS4,Sqrdl
Q8BJS4,Sun2
Q8CC35,Synpo
Q6VYI4,Tardbp
A1L354,Tgfbi
Q9R0Q3,Tmed2
Q9CZL0,Tmed9
Q8BK08,Tmem11
O88346-2,Tnnt1
V9GWU5,Tpd52l2
P58771-2,Tpm1
Q3TSG8,Trap1
A0A0H2UH17,Ubap2l
Q9D7F5,Ube2d3
Q3UH66,Wnk2
