:START_ID,:END_ID,:TYPE
OSD-679_OCT_MT51_OD_End_of_Hindlimb_Unloading,MT51,PERFORMED_ON
OSD-679_OCT_MT56_OD_End_of_Hindlimb_Unloading,MT56,PERFORMED_ON
OSD-679_OCT_MT59_OD_End_of_Hindlimb_Unloading,MT59,PERFORMED_ON
OSD-679_OCT_MT51_OS_End_of_Hindlimb_Unloading,MT51,PERFORMED_ON
OSD-679_OCT_MT56_OS_End_of_Hindlimb_Unloading,MT56,PERFORMED_ON
OSD-679_OCT_MT59_OS_End_of_Hindlimb_Unloading,MT59,PERFORMED_ON
OSD-679_OCT_MT66_OD_End_of_Hindlimb_Unloading,MT66,PERFORMED_ON
OSD-679_OCT_MT70_OD_End_of_Hindlimb_Unloading,MT70,PERFORMED_ON
OSD-679_OCT_MT76_OD_End_of_Hindlimb_Unloading,MT76,PERFORMED_ON
OSD-679_OCT_MT74_OD_End_of_Hindlimb_Unloading,MT74,PERFORMED_ON
OSD-679_OCT_MT78_OD_End_of_Hindlimb_Unloading,MT78,PERFORMED_ON
OSD-679_OCT_MT80_OD_End_of_Hindlimb_Unloading,MT80,PERFORMED_ON
OSD-679_OCT_MT66_OS_End_of_Hindlimb_Unloading,MT66,PERFORMED_ON
OSD-679_OCT_MT70_OS_End_of_Hindlimb_Unloading,MT70,PERFORMED_ON
OSD-679_OCT_MT76_OS_End_of_Hindlimb_Unloading,MT76,PERFORMED_ON
OSD-679_OCT_MT74_OS_End_of_Hindlimb_Unloading,MT74,PERFORMED_ON
OSD-679_OCT_MT80_OS_End_of_Hindlimb_Unloading,MT80,PERFORMED_ON
OSD-679_OCT_MT68_OD_End_of_Hindlimb_Unloading,MT68,PERFORMED_ON
OSD-679_OCT_MT71_OD_End_of_Hindlimb_Unloading,MT71,PERFORMED_ON
OSD-679_OCT_MT73_OD_End_of_Hindlimb_Unloading,MT73,PERFORMED_ON
OSD-679_OCT_MT75_OD_End_of_Hindlimb_Unloading,MT75,PERFORMED_ON
OSD-679_OCT_MT79_OD_End_of_Hindlimb_Unloading,MT79,PERFORMED_ON
OSD-679_OCT_MT82_OD_End_of_Hindlimb_Unloading,MT82,PERFORMED_ON
OSD-679_OCT_MT68_OS_End_of_Hindlimb_Unloading,MT68,PERFORMED_ON
OSD-679_OCT_MT71_OS_End_of_Hindlimb_Unloading,MT71,PERFORMED_ON
OSD-679_OCT_MT73_OS_End_of_Hindlimb_Unloading,MT73,PERFORMED_ON
OSD-679_OCT_MT75_OS_End_of_Hindlimb_Unloading,MT75,PERFORMED_ON
OSD-679_OCT_MT79_OS_End_of_Hindlimb_Unloading,MT79,PERFORMED_ON
OSD-679_OCT_MT82_OS_End_of_Hindlimb_Unloading,MT82,PERFORMED_ON
OSD-679_OCT_MT05_OD_End_of_Hindlimb_Unloading,MT05,PERFORMED_ON
OSD-679_OCT_MT01_OD_End_of_Hindlimb_Unloading,MT01,PERFORMED_ON
OSD-679_OCT_MT63_OD_End_of_Hindlimb_Unloading,MT63,PERFORMED_ON
OSD-679_OCT_MT01_OS_End_of_Hindlimb_Unloading,MT01,PERFORMED_ON
OSD-679_OCT_MT63_OS_End_of_Hindlimb_Unloading,MT63,PERFORMED_ON
OSD-679_OCT_MT08_OD_End_of_Hindlimb_Unloading,MT08,PERFORMED_ON
OSD-679_OCT_MT18_OD_End_of_Hindlimb_Unloading,MT18,PERFORMED_ON
OSD-679_OCT_MT08_OS_End_of_Hindlimb_Unloading,MT08,PERFORMED_ON
OSD-679_OCT_MT18_OS_End_of_Hindlimb_Unloading,MT18,PERFORMED_ON
OSD-679_OCT_MT09_OD_End_of_Hindlimb_Unloading,MT09,PERFORMED_ON
OSD-679_OCT_MT04_OD_End_of_Hindlimb_Unloading,MT04,PERFORMED_ON
OSD-679_OCT_MT17_OD_End_of_Hindlimb_Unloading,MT17,PERFORMED_ON
OSD-679_OCT_MT21_OD_End_of_Hindlimb_Unloading,MT21,PERFORMED_ON
OSD-679_OCT_MT23_OD_End_of_Hindlimb_Unloading,MT23,PERFORMED_ON
OSD-679_OCT_MT02_OD_End_of_Hindlimb_Unloading,MT02,PERFORMED_ON
OSD-679_OCT_MT54_OD_End_of_Hindlimb_Unloading,MT54,PERFORMED_ON
OSD-679_OCT_MT04_OS_End_of_Hindlimb_Unloading,MT04,PERFORMED_ON
OSD-679_OCT_MT05_OS_End_of_Hindlimb_Unloading,MT05,PERFORMED_ON
OSD-679_OCT_MT17_OS_End_of_Hindlimb_Unloading,MT17,PERFORMED_ON
OSD-679_OCT_MT21_OS_End_of_Hindlimb_Unloading,MT21,PERFORMED_ON
OSD-679_OCT_MT23_OS_End_of_Hindlimb_Unloading,MT23,PERFORMED_ON
OSD-679_OCT_MT02_OS_End_of_Hindlimb_Unloading,MT02,PERFORMED_ON
OSD-679_OCT_MT13_OD_End_of_Hindlimb_Unloading,MT13,PERFORMED_ON
OSD-679_OCT_MT14_OD_End_of_Hindlimb_Unloading,MT14,PERFORMED_ON
OSD-679_OCT_MT15_OD_End_of_Hindlimb_Unloading,MT15,PERFORMED_ON
OSD-679_OCT_MT16_OD_End_of_Hindlimb_Unloading,MT16,PERFORMED_ON
OSD-679_OCT_MT28_OD_End_of_Hindlimb_Unloading,MT28,PERFORMED_ON
OSD-679_OCT_MT32_OD_End_of_Hindlimb_Unloading,MT32,PERFORMED_ON
OSD-679_OCT_MT39_OD_End_of_Hindlimb_Unloading,MT39,PERFORMED_ON
OSD-679_OCT_MT37_OD_End_of_Hindlimb_Unloading,MT37,PERFORMED_ON
OSD-679_OCT_MT13_OS_End_of_Hindlimb_Unloading,MT13,PERFORMED_ON
OSD-679_OCT_MT15_OS_End_of_Hindlimb_Unloading,MT15,PERFORMED_ON
OSD-679_OCT_MT16_OS_End_of_Hindlimb_Unloading,MT16,PERFORMED_ON
OSD-679_OCT_MT28_OS_End_of_Hindlimb_Unloading,MT28,PERFORMED_ON
OSD-679_OCT_MT32_OS_End_of_Hindlimb_Unloading,MT32,PERFORMED_ON
OSD-679_OCT_MT39_OS_End_of_Hindlimb_Unloading,MT39,PERFORMED_ON
OSD-679_OCT_MT37_OS_End_of_Hindlimb_Unloading,MT37,PERFORMED_ON
OSD-679_OCT_MT267_OD_End_of_Hindlimb_Unloading,MT267,PERFORMED_ON
OSD-679_OCT_MT269_OD_End_of_Hindlimb_Unloading,MT269,PERFORMED_ON
OSD-679_OCT_MT270_OD_End_of_Hindlimb_Unloading,MT270,PERFORMED_ON
OSD-679_OCT_MT267_OS_End_of_Hindlimb_Unloading,MT267,PERFORMED_ON
OSD-679_OCT_MT269_OS_End_of_Hindlimb_Unloading,MT269,PERFORMED_ON
OSD-679_OCT_MT270_OS_End_of_Hindlimb_Unloading,MT270,PERFORMED_ON
OSD-679_OCT_MT278_OD_End_of_Hindlimb_Unloading,MT278,PERFORMED_ON
OSD-679_OCT_MT279_OD_End_of_Hindlimb_Unloading,MT279,PERFORMED_ON
OSD-679_OCT_MT280_OD_End_of_Hindlimb_Unloading,MT280,PERFORMED_ON
OSD-679_OCT_MT278_OS_End_of_Hindlimb_Unloading,MT278,PERFORMED_ON
OSD-679_OCT_MT279_OS_End_of_Hindlimb_Unloading,MT279,PERFORMED_ON
OSD-679_OCT_MT280_OS_End_of_Hindlimb_Unloading,MT280,PERFORMED_ON
OSD-679_OCT_MT259_OD_End_of_Hindlimb_Unloading,MT259,PERFORMED_ON
OSD-679_OCT_MT261_OD_End_of_Hindlimb_Unloading,MT261,PERFORMED_ON
OSD-679_OCT_MT263_OD_End_of_Hindlimb_Unloading,MT263,PERFORMED_ON
OSD-679_OCT_MT264_OD_End_of_Hindlimb_Unloading,MT264,PERFORMED_ON
OSD-679_OCT_MT265_OD_End_of_Hindlimb_Unloading,MT265,PERFORMED_ON
OSD-679_OCT_MT266_OD_End_of_Hindlimb_Unloading,MT266,PERFORMED_ON
OSD-679_OCT_MT259_OS_End_of_Hindlimb_Unloading,MT259,PERFORMED_ON
OSD-679_OCT_MT261_OS_End_of_Hindlimb_Unloading,MT261,PERFORMED_ON
OSD-679_OCT_MT263_OS_End_of_Hindlimb_Unloading,MT263,PERFORMED_ON
OSD-679_OCT_MT264_OS_End_of_Hindlimb_Unloading,MT264,PERFORMED_ON
OSD-679_OCT_MT265_OS_End_of_Hindlimb_Unloading,MT265,PERFORMED_ON
OSD-679_OCT_MT266_OS_End_of_Hindlimb_Unloading,MT266,PERFORMED_ON
OSD-679_OCT_MT272_OD_End_of_Hindlimb_Unloading,MT272,PERFORMED_ON
OSD-679_OCT_MT273_OD_End_of_Hindlimb_Unloading,MT273,PERFORMED_ON
OSD-679_OCT_MT274_OD_End_of_Hindlimb_Unloading,MT274,PERFORMED_ON
OSD-679_OCT_MT275_OD_End_of_Hindlimb_Unloading,MT275,PERFORMED_ON
OSD-679_OCT_MT276_OD_End_of_Hindlimb_Unloading,MT276,PERFORMED_ON
OSD-679_OCT_MT277_OD_End_of_Hindlimb_Unloading,MT277,PERFORMED_ON
OSD-679_OCT_MT271_OS_End_of_Hindlimb_Unloading,MT271,PERFORMED_ON
OSD-679_OCT_MT273_OS_End_of_Hindlimb_Unloading,MT273,PERFORMED_ON
OSD-679_OCT_MT274_OS_End_of_Hindlimb_Unloading,MT274,PERFORMED_ON
OSD-679_OCT_MT275_OS_End_of_Hindlimb_Unloading,MT275,PERFORMED_ON
OSD-679_OCT_MT276_OS_End_of_Hindlimb_Unloading,MT276,PERFORMED_ON
OSD-679_OCT_MT277_OS_End_of_Hindlimb_Unloading,MT277,PERFORMED_ON
OSD-679_OCT_MT07_OD_End_of_Hindlimb_Unloading,MT07,PERFORMED_ON
OSD-679_OCT_MT25_OD_End_of_Hindlimb_Unloading,MT25,PERFORMED_ON
OSD-679_OCT_MT35_OD_End_of_Hindlimb_Unloading,MT35,PERFORMED_ON
OSD-679_OCT_MT07_OS_End_of_Hindlimb_Unloading,MT07,PERFORMED_ON
OSD-679_OCT_MT25_OS_End_of_Hindlimb_Unloading,MT25,PERFORMED_ON
OSD-679_OCT_MT35_OS_End_of_Hindlimb_Unloading,MT35,PERFORMED_ON
OSD-679_OCT_MT149_OD_End_of_Hindlimb_Unloading,MT149,PERFORMED_ON
OSD-679_OCT_MT151_OD_End_of_Hindlimb_Unloading,MT151,PERFORMED_ON
OSD-679_OCT_MT153_OD_End_of_Hindlimb_Unloading,MT153,PERFORMED_ON
OSD-679_OCT_MT155_OD_End_of_Hindlimb_Unloading,MT155,PERFORMED_ON
OSD-679_OCT_MT158_OD_End_of_Hindlimb_Unloading,MT158,PERFORMED_ON
OSD-679_OCT_MT297_OD_End_of_Hindlimb_Unloading,MT297,PERFORMED_ON
OSD-679_OCT_MT299_OD_End_of_Hindlimb_Unloading,MT299,PERFORMED_ON
OSD-679_OCT_MT301_OD_End_of_Hindlimb_Unloading,MT301,PERFORMED_ON
OSD-679_OCT_MT149_OS_End_of_Hindlimb_Unloading,MT149,PERFORMED_ON
OSD-679_OCT_MT153_OS_End_of_Hindlimb_Unloading,MT153,PERFORMED_ON
OSD-679_OCT_MT155_OS_End_of_Hindlimb_Unloading,MT155,PERFORMED_ON
OSD-679_OCT_MT297_OS_End_of_Hindlimb_Unloading,MT297,PERFORMED_ON
OSD-679_OCT_MT299_OS_End_of_Hindlimb_Unloading,MT299,PERFORMED_ON
OSD-679_OCT_MT301_OS_End_of_Hindlimb_Unloading,MT301,PERFORMED_ON
OSD-679_OCT_MT150_OD_End_of_Hindlimb_Unloading,MT150,PERFORMED_ON
OSD-679_OCT_MT152_OD_End_of_Hindlimb_Unloading,MT152,PERFORMED_ON
OSD-679_OCT_MT154_OD_End_of_Hindlimb_Unloading,MT154,PERFORMED_ON
OSD-679_OCT_MT157_OD_End_of_Hindlimb_Unloading,MT157,PERFORMED_ON
OSD-679_OCT_MT161_OD_End_of_Hindlimb_Unloading,MT161,PERFORMED_ON
OSD-679_OCT_MT293_OD_End_of_Hindlimb_Unloading,MT293,PERFORMED_ON
OSD-679_OCT_MT296_OD_End_of_Hindlimb_Unloading,MT296,PERFORMED_ON
OSD-679_OCT_MT302_OD_End_of_Hindlimb_Unloading,MT302,PERFORMED_ON
OSD-679_OCT_MT303_OD_End_of_Hindlimb_Unloading,MT303,PERFORMED_ON
OSD-679_OCT_MT150_OS_End_of_Hindlimb_Unloading,MT150,PERFORMED_ON
OSD-679_OCT_MT152_OS_End_of_Hindlimb_Unloading,MT152,PERFORMED_ON
OSD-679_OCT_MT157_OS_End_of_Hindlimb_Unloading,MT157,PERFORMED_ON
OSD-679_OCT_MT161_OS_End_of_Hindlimb_Unloading,MT161,PERFORMED_ON
OSD-679_OCT_MT293_OS_End_of_Hindlimb_Unloading,MT293,PERFORMED_ON
OSD-679_OCT_MT296_OS_End_of_Hindlimb_Unloading,MT296,PERFORMED_ON
OSD-679_OCT_MT302_OS_End_of_Hindlimb_Unloading,MT302,PERFORMED_ON
OSD-679_OCT_MT303_OS_End_of_Hindlimb_Unloading,MT303,PERFORMED_ON
OSD-679_OCT_FT31_OD_End_of_Hindlimb_Unloading,FT31,PERFORMED_ON
OSD-679_OCT_FT28_OD_End_of_Hindlimb_Unloading,FT28,PERFORMED_ON
OSD-679_OCT_FT07_OD_End_of_Hindlimb_Unloading,FT07,PERFORMED_ON
OSD-679_OCT_FT06_OD_End_of_Hindlimb_Unloading,FT06,PERFORMED_ON
OSD-679_OCT_FT29_OD_End_of_Hindlimb_Unloading,FT29,PERFORMED_ON
OSD-679_OCT_FT32_OD_End_of_Hindlimb_Unloading,FT32,PERFORMED_ON
OSD-679_OCT_FT38_OD_End_of_Hindlimb_Unloading,FT38,PERFORMED_ON
OSD-679_OCT_FT31_OS_End_of_Hindlimb_Unloading,FT31,PERFORMED_ON
OSD-679_OCT_FT28_OS_End_of_Hindlimb_Unloading,FT28,PERFORMED_ON
OSD-679_OCT_FT09_OS_End_of_Hindlimb_Unloading,FT09,PERFORMED_ON
OSD-679_OCT_FT07_OS_End_of_Hindlimb_Unloading,FT07,PERFORMED_ON
OSD-679_OCT_FT06_OS_End_of_Hindlimb_Unloading,FT06,PERFORMED_ON
OSD-679_OCT_FT29_OS_End_of_Hindlimb_Unloading,FT29,PERFORMED_ON
OSD-679_OCT_FT32_OS_End_of_Hindlimb_Unloading,FT32,PERFORMED_ON
OSD-679_OCT_FT38_OS_End_of_Hindlimb_Unloading,FT38,PERFORMED_ON
OSD-679_OCT_FT08_OD_End_of_Hindlimb_Unloading,FT08,PERFORMED_ON
OSD-679_OCT_FT12_OD_End_of_Hindlimb_Unloading,FT12,PERFORMED_ON
OSD-679_OCT_FT09_OD_End_of_Hindlimb_Unloading,FT09,PERFORMED_ON
OSD-679_OCT_FT22_OD_End_of_Hindlimb_Unloading,FT22,PERFORMED_ON
OSD-679_OCT_FT23_OD_End_of_Hindlimb_Unloading,FT23,PERFORMED_ON
OSD-679_OCT_FT25_OD_End_of_Hindlimb_Unloading,FT25,PERFORMED_ON
OSD-679_OCT_FT30_OD_End_of_Hindlimb_Unloading,FT30,PERFORMED_ON
OSD-679_OCT_FT35_OD_End_of_Hindlimb_Unloading,FT35,PERFORMED_ON
OSD-679_OCT_FT10_OD_End_of_Hindlimb_Unloading,FT10,PERFORMED_ON
OSD-679_OCT_FT14_OD_End_of_Hindlimb_Unloading,FT14,PERFORMED_ON
OSD-679_OCT_FT24_OD_End_of_Hindlimb_Unloading,FT24,PERFORMED_ON
OSD-679_OCT_FT26_OD_End_of_Hindlimb_Unloading,FT26,PERFORMED_ON
OSD-679_OCT_FT27_OD_End_of_Hindlimb_Unloading,FT27,PERFORMED_ON
OSD-679_OCT_FT33_OD_End_of_Hindlimb_Unloading,FT33,PERFORMED_ON
OSD-679_OCT_FT34_OD_End_of_Hindlimb_Unloading,FT34,PERFORMED_ON
OSD-679_OCT_FT37_OD_End_of_Hindlimb_Unloading,FT37,PERFORMED_ON
OSD-679_OCT_FT08_OS_End_of_Hindlimb_Unloading,FT08,PERFORMED_ON
OSD-679_OCT_FT12_OS_End_of_Hindlimb_Unloading,FT12,PERFORMED_ON
OSD-679_OCT_FT22_OS_End_of_Hindlimb_Unloading,FT22,PERFORMED_ON
OSD-679_OCT_FT23_OS_End_of_Hindlimb_Unloading,FT23,PERFORMED_ON
OSD-679_OCT_FT25_OS_End_of_Hindlimb_Unloading,FT25,PERFORMED_ON
OSD-679_OCT_FT30_OS_End_of_Hindlimb_Unloading,FT30,PERFORMED_ON
OSD-679_OCT_FT35_OS_End_of_Hindlimb_Unloading,FT35,PERFORMED_ON
OSD-679_OCT_FT10_OS_End_of_Hindlimb_Unloading,FT10,PERFORMED_ON
OSD-679_OCT_FT14_OS_End_of_Hindlimb_Unloading,FT14,PERFORMED_ON
OSD-679_OCT_FT24_OS_End_of_Hindlimb_Unloading,FT24,PERFORMED_ON
OSD-679_OCT_FT26_OS_End_of_Hindlimb_Unloading,FT26,PERFORMED_ON
OSD-679_OCT_FT27_OS_End_of_Hindlimb_Unloading,FT27,PERFORMED_ON
OSD-679_OCT_FT33_OS_End_of_Hindlimb_Unloading,FT33,PERFORMED_ON
OSD-679_OCT_FT34_OS_End_of_Hindlimb_Unloading,FT34,PERFORMED_ON
OSD-679_OCT_FT37_OS_End_of_Hindlimb_Unloading,FT37,PERFORMED_ON
OSD-679_OCT_FT01_OD_End_of_Hindlimb_Unloading,FT01,PERFORMED_ON
OSD-679_OCT_FT03_OD_End_of_Hindlimb_Unloading,FT03,PERFORMED_ON
OSD-679_OCT_FT15_OD_End_of_Hindlimb_Unloading,FT15,PERFORMED_ON
OSD-679_OCT_FT17_OD_End_of_Hindlimb_Unloading,FT17,PERFORMED_ON
OSD-679_OCT_FT02_OD_End_of_Hindlimb_Unloading,FT02,PERFORMED_ON
OSD-679_OCT_FT04_OD_End_of_Hindlimb_Unloading,FT04,PERFORMED_ON
OSD-679_OCT_FT16_OD_End_of_Hindlimb_Unloading,FT16,PERFORMED_ON
OSD-679_OCT_FT18_OD_End_of_Hindlimb_Unloading,FT18,PERFORMED_ON
OSD-679_OCT_FT01_OS_End_of_Hindlimb_Unloading,FT01,PERFORMED_ON
OSD-679_OCT_FT03_OS_End_of_Hindlimb_Unloading,FT03,PERFORMED_ON
OSD-679_OCT_FT15_OS_End_of_Hindlimb_Unloading,FT15,PERFORMED_ON
OSD-679_OCT_FT17_OS_End_of_Hindlimb_Unloading,FT17,PERFORMED_ON
OSD-679_OCT_FT02_OS_End_of_Hindlimb_Unloading,FT02,PERFORMED_ON
OSD-679_OCT_FT04_OS_End_of_Hindlimb_Unloading,FT04,PERFORMED_ON
OSD-679_OCT_FT16_OS_End_of_Hindlimb_Unloading,FT16,PERFORMED_ON
OSD-679_OCT_FT18_OS_End_of_Hindlimb_Unloading,FT18,PERFORMED_ON
OSD-679_OCT_FT155_OD_End_of_Hindlimb_Unloading,FT155,PERFORMED_ON
OSD-679_OCT_FT157_OD_End_of_Hindlimb_Unloading,FT157,PERFORMED_ON
OSD-679_OCT_FT159_OD_End_of_Hindlimb_Unloading,FT159,PERFORMED_ON
OSD-679_OCT_FT163_OD_End_of_Hindlimb_Unloading,FT163,PERFORMED_ON
OSD-679_OCT_FT154_OD_End_of_Hindlimb_Unloading,FT154,PERFORMED_ON
OSD-679_OCT_FT156_OD_End_of_Hindlimb_Unloading,FT156,PERFORMED_ON
OSD-679_OCT_FT160_OD_End_of_Hindlimb_Unloading,FT160,PERFORMED_ON
OSD-679_OCT_FT164_OD_End_of_Hindlimb_Unloading,FT164,PERFORMED_ON
OSD-679_OCT_FT155_OS_End_of_Hindlimb_Unloading,FT155,PERFORMED_ON
OSD-679_OCT_FT157_OS_End_of_Hindlimb_Unloading,FT157,PERFORMED_ON
OSD-679_OCT_FT159_OS_End_of_Hindlimb_Unloading,FT159,PERFORMED_ON
OSD-679_OCT_FT163_OS_End_of_Hindlimb_Unloading,FT163,PERFORMED_ON
OSD-679_OCT_FT154_OS_End_of_Hindlimb_Unloading,FT154,PERFORMED_ON
OSD-679_OCT_FT156_OS_End_of_Hindlimb_Unloading,FT156,PERFORMED_ON
OSD-679_OCT_FT160_OS_End_of_Hindlimb_Unloading,FT160,PERFORMED_ON
OSD-679_OCT_FT164_OS_End_of_Hindlimb_Unloading,FT164,PERFORMED_ON
OSD-679_OCT_FT98_OD_End_of_Hindlimb_Unloading,FT98,PERFORMED_ON
OSD-679_OCT_FT99_OD_End_of_Hindlimb_Unloading,FT99,PERFORMED_ON
OSD-679_OCT_FT149_OD_End_of_Hindlimb_Unloading,FT149,PERFORMED_ON
OSD-679_OCT_FT151_OD_End_of_Hindlimb_Unloading,FT151,PERFORMED_ON
OSD-679_OCT_FT100_OD_End_of_Hindlimb_Unloading,FT100,PERFORMED_ON
OSD-679_OCT_FT101_OD_End_of_Hindlimb_Unloading,FT101,PERFORMED_ON
OSD-679_OCT_FT103_OD_End_of_Hindlimb_Unloading,FT103,PERFORMED_ON
OSD-679_OCT_FT104_OD_End_of_Hindlimb_Unloading,FT104,PERFORMED_ON
OSD-679_OCT_FT148_OD_End_of_Hindlimb_Unloading,FT148,PERFORMED_ON
OSD-679_OCT_FT150_OD_End_of_Hindlimb_Unloading,FT150,PERFORMED_ON
OSD-679_OCT_FT98_OS_End_of_Hindlimb_Unloading,FT98,PERFORMED_ON
OSD-679_OCT_FT99_OS_End_of_Hindlimb_Unloading,FT99,PERFORMED_ON
OSD-679_OCT_FT102_OS_End_of_Hindlimb_Unloading,FT102,PERFORMED_ON
OSD-679_OCT_FT149_OS_End_of_Hindlimb_Unloading,FT149,PERFORMED_ON
OSD-679_OCT_FT151_OS_End_of_Hindlimb_Unloading,FT151,PERFORMED_ON
OSD-679_OCT_FT100_OS_End_of_Hindlimb_Unloading,FT100,PERFORMED_ON
OSD-679_OCT_FT101_OS_End_of_Hindlimb_Unloading,FT101,PERFORMED_ON
OSD-679_OCT_FT104_OS_End_of_Hindlimb_Unloading,FT104,PERFORMED_ON
OSD-679_OCT_FT148_OS_End_of_Hindlimb_Unloading,FT148,PERFORMED_ON
OSD-679_OCT_FT150_OS_End_of_Hindlimb_Unloading,FT150,PERFORMED_ON
OSD-679_OCT_FT74_OD_End_of_Hindlimb_Unloading,FT74,PERFORMED_ON
OSD-679_OCT_FT76_OD_End_of_Hindlimb_Unloading,FT76,PERFORMED_ON
OSD-679_OCT_FT78_OD_End_of_Hindlimb_Unloading,FT78,PERFORMED_ON
OSD-679_OCT_FT82_OD_End_of_Hindlimb_Unloading,FT82,PERFORMED_ON
OSD-679_OCT_FT84_OD_End_of_Hindlimb_Unloading,FT84,PERFORMED_ON
OSD-679_OCT_FT87_OD_End_of_Hindlimb_Unloading,FT87,PERFORMED_ON
OSD-679_OCT_FT96_OD_End_of_Hindlimb_Unloading,FT96,PERFORMED_ON
OSD-679_OCT_FT133_OD_End_of_Hindlimb_Unloading,FT133,PERFORMED_ON
OSD-679_OCT_FT135_OD_End_of_Hindlimb_Unloading,FT135,PERFORMED_ON
OSD-679_OCT_FT137_OD_End_of_Hindlimb_Unloading,FT137,PERFORMED_ON
OSD-679_OCT_FT141_OD_End_of_Hindlimb_Unloading,FT141,PERFORMED_ON
OSD-679_OCT_FT143_OD_End_of_Hindlimb_Unloading,FT143,PERFORMED_ON
OSD-679_OCT_FT145_OD_End_of_Hindlimb_Unloading,FT145,PERFORMED_ON
OSD-679_OCT_FT147_OD_End_of_Hindlimb_Unloading,FT147,PERFORMED_ON
OSD-679_OCT_FT73_OD_End_of_Hindlimb_Unloading,FT73,PERFORMED_ON
OSD-679_OCT_FT77_OD_End_of_Hindlimb_Unloading,FT77,PERFORMED_ON
OSD-679_OCT_FT81_OD_End_of_Hindlimb_Unloading,FT81,PERFORMED_ON
OSD-679_OCT_FT83_OD_End_of_Hindlimb_Unloading,FT83,PERFORMED_ON
OSD-679_OCT_FT85_OD_End_of_Hindlimb_Unloading,FT85,PERFORMED_ON
OSD-679_OCT_FT95_OD_End_of_Hindlimb_Unloading,FT95,PERFORMED_ON
OSD-679_OCT_FT97_OD_End_of_Hindlimb_Unloading,FT97,PERFORMED_ON
OSD-679_OCT_FT132_OD_End_of_Hindlimb_Unloading,FT132,PERFORMED_ON
OSD-679_OCT_FT134_OD_End_of_Hindlimb_Unloading,FT134,PERFORMED_ON
OSD-679_OCT_FT136_OD_End_of_Hindlimb_Unloading,FT136,PERFORMED_ON
OSD-679_OCT_FT140_OD_End_of_Hindlimb_Unloading,FT140,PERFORMED_ON
OSD-679_OCT_FT142_OD_End_of_Hindlimb_Unloading,FT142,PERFORMED_ON
OSD-679_OCT_FT144_OD_End_of_Hindlimb_Unloading,FT144,PERFORMED_ON
OSD-679_OCT_FT146_OD_End_of_Hindlimb_Unloading,FT146,PERFORMED_ON
OSD-679_OCT_FT74_OS_End_of_Hindlimb_Unloading,FT74,PERFORMED_ON
OSD-679_OCT_FT76_OS_End_of_Hindlimb_Unloading,FT76,PERFORMED_ON
OSD-679_OCT_FT78_OS_End_of_Hindlimb_Unloading,FT78,PERFORMED_ON
OSD-679_OCT_FT82_OS_End_of_Hindlimb_Unloading,FT82,PERFORMED_ON
OSD-679_OCT_FT84_OS_End_of_Hindlimb_Unloading,FT84,PERFORMED_ON
OSD-679_OCT_FT87_OS_End_of_Hindlimb_Unloading,FT87,PERFORMED_ON
OSD-679_OCT_FT96_OS_End_of_Hindlimb_Unloading,FT96,PERFORMED_ON
OSD-679_OCT_FT133_OS_End_of_Hindlimb_Unloading,FT133,PERFORMED_ON
OSD-679_OCT_FT135_OS_End_of_Hindlimb_Unloading,FT135,PERFORMED_ON
OSD-679_OCT_FT137_OS_End_of_Hindlimb_Unloading,FT137,PERFORMED_ON
OSD-679_OCT_FT141_OS_End_of_Hindlimb_Unloading,FT141,PERFORMED_ON
OSD-679_OCT_FT143_OS_End_of_Hindlimb_Unloading,FT143,PERFORMED_ON
OSD-679_OCT_FT145_OS_End_of_Hindlimb_Unloading,FT145,PERFORMED_ON
OSD-679_OCT_FT147_OS_End_of_Hindlimb_Unloading,FT147,PERFORMED_ON
OSD-679_OCT_FT73_OS_End_of_Hindlimb_Unloading,FT73,PERFORMED_ON
OSD-679_OCT_FT77_OS_End_of_Hindlimb_Unloading,FT77,PERFORMED_ON
OSD-679_OCT_FT83_OS_End_of_Hindlimb_Unloading,FT83,PERFORMED_ON
OSD-679_OCT_FT85_OS_End_of_Hindlimb_Unloading,FT85,PERFORMED_ON
OSD-679_OCT_FT95_OS_End_of_Hindlimb_Unloading,FT95,PERFORMED_ON
OSD-679_OCT_FT97_OS_End_of_Hindlimb_Unloading,FT97,PERFORMED_ON
OSD-679_OCT_FT132_OS_End_of_Hindlimb_Unloading,FT132,PERFORMED_ON
OSD-679_OCT_FT134_OS_End_of_Hindlimb_Unloading,FT134,PERFORMED_ON
OSD-679_OCT_FT136_OS_End_of_Hindlimb_Unloading,FT136,PERFORMED_ON
OSD-679_OCT_FT140_OS_End_of_Hindlimb_Unloading,FT140,PERFORMED_ON
OSD-679_OCT_FT142_OS_End_of_Hindlimb_Unloading,FT142,PERFORMED_ON
OSD-679_OCT_FT144_OS_End_of_Hindlimb_Unloading,FT144,PERFORMED_ON
OSD-679_OCT_FT146_OS_End_of_Hindlimb_Unloading,FT146,PERFORMED_ON
OSD-679_OCT_FT111_OD_End_of_Hindlimb_Unloading,FT111,PERFORMED_ON
OSD-679_OCT_FT138_OD_End_of_Hindlimb_Unloading,FT138,PERFORMED_ON
OSD-679_OCT_FT111_OS_End_of_Hindlimb_Unloading,FT111,PERFORMED_ON
OSD-679_OCT_FT138_OS_End_of_Hindlimb_Unloading,FT138,PERFORMED_ON
OSD-679_OCT_FT45_OD_End_of_Hindlimb_Unloading,FT45,PERFORMED_ON
OSD-679_OCT_FT47_OD_End_of_Hindlimb_Unloading,FT47,PERFORMED_ON
OSD-679_OCT_FT50_OD_End_of_Hindlimb_Unloading,FT50,PERFORMED_ON
OSD-679_OCT_FT52_OD_End_of_Hindlimb_Unloading,FT52,PERFORMED_ON
OSD-679_OCT_FT56_OD_End_of_Hindlimb_Unloading,FT56,PERFORMED_ON
OSD-679_OCT_FT107_OD_End_of_Hindlimb_Unloading,FT107,PERFORMED_ON
OSD-679_OCT_FT110_OD_End_of_Hindlimb_Unloading,FT110,PERFORMED_ON
OSD-679_OCT_FT122_OD_End_of_Hindlimb_Unloading,FT122,PERFORMED_ON
OSD-679_OCT_FT128_OD_End_of_Hindlimb_Unloading,FT128,PERFORMED_ON
OSD-679_OCT_FT51_OD_End_of_Hindlimb_Unloading,FT51,PERFORMED_ON
OSD-679_OCT_FT109_OD_End_of_Hindlimb_Unloading,FT109,PERFORMED_ON
OSD-679_OCT_FT121_OD_End_of_Hindlimb_Unloading,FT121,PERFORMED_ON
OSD-679_OCT_FT127_OD_End_of_Hindlimb_Unloading,FT127,PERFORMED_ON
OSD-679_OCT_FT130_OD_End_of_Hindlimb_Unloading,FT130,PERFORMED_ON
OSD-679_OCT_FT45_OS_End_of_Hindlimb_Unloading,FT45,PERFORMED_ON
OSD-679_OCT_FT47_OS_End_of_Hindlimb_Unloading,FT47,PERFORMED_ON
OSD-679_OCT_FT52_OS_End_of_Hindlimb_Unloading,FT52,PERFORMED_ON
OSD-679_OCT_FT56_OS_End_of_Hindlimb_Unloading,FT56,PERFORMED_ON
OSD-679_OCT_FT107_OS_End_of_Hindlimb_Unloading,FT107,PERFORMED_ON
OSD-679_OCT_FT110_OS_End_of_Hindlimb_Unloading,FT110,PERFORMED_ON
OSD-679_OCT_FT122_OS_End_of_Hindlimb_Unloading,FT122,PERFORMED_ON
OSD-679_OCT_FT128_OS_End_of_Hindlimb_Unloading,FT128,PERFORMED_ON
OSD-679_OCT_FT51_OS_End_of_Hindlimb_Unloading,FT51,PERFORMED_ON
OSD-679_OCT_FT57_OS_End_of_Hindlimb_Unloading,FT57,PERFORMED_ON
OSD-679_OCT_FT109_OS_End_of_Hindlimb_Unloading,FT109,PERFORMED_ON
OSD-679_OCT_FT121_OS_End_of_Hindlimb_Unloading,FT121,PERFORMED_ON
OSD-679_OCT_FT127_OS_End_of_Hindlimb_Unloading,FT127,PERFORMED_ON
OSD-679_OCT_FT130_OS_End_of_Hindlimb_Unloading,FT130,PERFORMED_ON
OSD-679_OCT_MT228_OD_End_of_Hindlimb_Unloading,MT228,PERFORMED_ON
OSD-679_OCT_MT230_OD_End_of_Hindlimb_Unloading,MT230,PERFORMED_ON
OSD-679_OCT_MT234_OD_End_of_Hindlimb_Unloading,MT234,PERFORMED_ON
OSD-679_OCT_MT219_OD_End_of_Hindlimb_Unloading,MT219,PERFORMED_ON
OSD-679_OCT_MT221_OD_End_of_Hindlimb_Unloading,MT221,PERFORMED_ON
OSD-679_OCT_MT225_OD_End_of_Hindlimb_Unloading,MT225,PERFORMED_ON
OSD-679_OCT_MT228_OS_End_of_Hindlimb_Unloading,MT228,PERFORMED_ON
OSD-679_OCT_MT230_OS_End_of_Hindlimb_Unloading,MT230,PERFORMED_ON
OSD-679_OCT_MT234_OS_End_of_Hindlimb_Unloading,MT234,PERFORMED_ON
OSD-679_OCT_MT219_OS_End_of_Hindlimb_Unloading,MT219,PERFORMED_ON
OSD-679_OCT_MT221_OS_End_of_Hindlimb_Unloading,MT221,PERFORMED_ON
OSD-679_OCT_MT225_OS_End_of_Hindlimb_Unloading,MT225,PERFORMED_ON
OSD-679_OCT_MT164_OD_End_of_Hindlimb_Unloading,MT164,PERFORMED_ON
OSD-679_OCT_MT165_OD_End_of_Hindlimb_Unloading,MT165,PERFORMED_ON
OSD-679_OCT_MT168_OD_End_of_Hindlimb_Unloading,MT168,PERFORMED_ON
OSD-679_OCT_MT170_OD_End_of_Hindlimb_Unloading,MT170,PERFORMED_ON
OSD-679_OCT_MT172_OD_End_of_Hindlimb_Unloading,MT172,PERFORMED_ON
OSD-679_OCT_MT174_OD_End_of_Hindlimb_Unloading,MT174,PERFORMED_ON
OSD-679_OCT_MT175_OD_End_of_Hindlimb_Unloading,MT175,PERFORMED_ON
OSD-679_OCT_MT163_OD_End_of_Hindlimb_Unloading,MT163,PERFORMED_ON
OSD-679_OCT_MT166_OD_End_of_Hindlimb_Unloading,MT166,PERFORMED_ON
OSD-679_OCT_MT167_OD_End_of_Hindlimb_Unloading,MT167,PERFORMED_ON
OSD-679_OCT_MT169_OD_End_of_Hindlimb_Unloading,MT169,PERFORMED_ON
OSD-679_OCT_MT171_OD_End_of_Hindlimb_Unloading,MT171,PERFORMED_ON
OSD-679_OCT_MT173_OD_End_of_Hindlimb_Unloading,MT173,PERFORMED_ON
OSD-679_OCT_MT164_OS_End_of_Hindlimb_Unloading,MT164,PERFORMED_ON
OSD-679_OCT_MT165_OS_End_of_Hindlimb_Unloading,MT165,PERFORMED_ON
OSD-679_OCT_MT168_OS_End_of_Hindlimb_Unloading,MT168,PERFORMED_ON
OSD-679_OCT_MT170_OS_End_of_Hindlimb_Unloading,MT170,PERFORMED_ON
OSD-679_OCT_MT172_OS_End_of_Hindlimb_Unloading,MT172,PERFORMED_ON
OSD-679_OCT_MT174_OS_End_of_Hindlimb_Unloading,MT174,PERFORMED_ON
OSD-679_OCT_MT175_OS_End_of_Hindlimb_Unloading,MT175,PERFORMED_ON
OSD-679_OCT_MT163_OS_End_of_Hindlimb_Unloading,MT163,PERFORMED_ON
OSD-679_OCT_MT166_OS_End_of_Hindlimb_Unloading,MT166,PERFORMED_ON
OSD-679_OCT_MT167_OS_End_of_Hindlimb_Unloading,MT167,PERFORMED_ON
OSD-679_OCT_MT169_OS_End_of_Hindlimb_Unloading,MT169,PERFORMED_ON
OSD-679_OCT_MT171_OS_End_of_Hindlimb_Unloading,MT171,PERFORMED_ON
OSD-679_OCT_MT173_OS_End_of_Hindlimb_Unloading,MT173,PERFORMED_ON
OSD-679_OCT_MT179_OD_End_of_Hindlimb_Unloading,MT179,PERFORMED_ON
OSD-679_OCT_MT185_OD_End_of_Hindlimb_Unloading,MT185,PERFORMED_ON
OSD-679_OCT_MT191_OD_End_of_Hindlimb_Unloading,MT191,PERFORMED_ON
OSD-679_OCT_MT180_OD_End_of_Hindlimb_Unloading,MT180,PERFORMED_ON
OSD-679_OCT_MT186_OD_End_of_Hindlimb_Unloading,MT186,PERFORMED_ON
OSD-679_OCT_MT192_OD_End_of_Hindlimb_Unloading,MT192,PERFORMED_ON
OSD-679_OCT_MT179_OS_End_of_Hindlimb_Unloading,MT179,PERFORMED_ON
OSD-679_OCT_MT185_OS_End_of_Hindlimb_Unloading,MT185,PERFORMED_ON
OSD-679_OCT_MT191_OS_End_of_Hindlimb_Unloading,MT191,PERFORMED_ON
OSD-679_OCT_MT180_OS_End_of_Hindlimb_Unloading,MT180,PERFORMED_ON
OSD-679_OCT_MT186_OS_End_of_Hindlimb_Unloading,MT186,PERFORMED_ON
OSD-679_OCT_MT192_OS_End_of_Hindlimb_Unloading,MT192,PERFORMED_ON
OSD-679_OCT_MT364_OD_End_of_Hindlimb_Unloading,MT364,PERFORMED_ON
OSD-679_OCT_MT362_OD_End_of_Hindlimb_Unloading,MT362,PERFORMED_ON
OSD-679_OCT_MT360_OD_End_of_Hindlimb_Unloading,MT360,PERFORMED_ON
OSD-679_OCT_MT355_OD_End_of_Hindlimb_Unloading,MT355,PERFORMED_ON
OSD-679_OCT_MT357_OD_End_of_Hindlimb_Unloading,MT357,PERFORMED_ON
OSD-679_OCT_MT364_OS_End_of_Hindlimb_Unloading,MT364,PERFORMED_ON
OSD-679_OCT_MT362_OS_End_of_Hindlimb_Unloading,MT362,PERFORMED_ON
OSD-679_OCT_MT360_OS_End_of_Hindlimb_Unloading,MT360,PERFORMED_ON
OSD-679_OCT_MT353_OS_End_of_Hindlimb_Unloading,MT353,PERFORMED_ON
OSD-679_OCT_MT355_OS_End_of_Hindlimb_Unloading,MT355,PERFORMED_ON
OSD-679_OCT_MT357_OS_End_of_Hindlimb_Unloading,MT357,PERFORMED_ON
OSD-679_OCT_MT239_OD_End_of_Hindlimb_Unloading,MT239,PERFORMED_ON
OSD-679_OCT_MT241_OD_End_of_Hindlimb_Unloading,MT241,PERFORMED_ON
OSD-679_OCT_MT246_OD_End_of_Hindlimb_Unloading,MT246,PERFORMED_ON
OSD-679_OCT_MT242_OD_End_of_Hindlimb_Unloading,MT242,PERFORMED_ON
OSD-679_OCT_MT248_OD_End_of_Hindlimb_Unloading,MT248,PERFORMED_ON
OSD-679_OCT_MT239_OS_End_of_Hindlimb_Unloading,MT239,PERFORMED_ON
OSD-679_OCT_MT241_OS_End_of_Hindlimb_Unloading,MT241,PERFORMED_ON
OSD-679_OCT_MT246_OS_End_of_Hindlimb_Unloading,MT246,PERFORMED_ON
OSD-679_OCT_MT242_OS_End_of_Hindlimb_Unloading,MT242,PERFORMED_ON
OSD-679_OCT_MT248_OS_End_of_Hindlimb_Unloading,MT248,PERFORMED_ON
OSD-679_OCT_MT211_OD_End_of_Hindlimb_Unloading,MT211,PERFORMED_ON
OSD-679_OCT_MT212_OD_End_of_Hindlimb_Unloading,MT212,PERFORMED_ON
OSD-679_OCT_MT213_OD_End_of_Hindlimb_Unloading,MT213,PERFORMED_ON
OSD-679_OCT_MT214_OD_End_of_Hindlimb_Unloading,MT214,PERFORMED_ON
OSD-679_OCT_MT215_OD_End_of_Hindlimb_Unloading,MT215,PERFORMED_ON
OSD-679_OCT_MT216_OD_End_of_Hindlimb_Unloading,MT216,PERFORMED_ON
OSD-679_OCT_MT217_OD_End_of_Hindlimb_Unloading,MT217,PERFORMED_ON
OSD-679_OCT_MT211_OS_End_of_Hindlimb_Unloading,MT211,PERFORMED_ON
OSD-679_OCT_MT212_OS_End_of_Hindlimb_Unloading,MT212,PERFORMED_ON
OSD-679_OCT_MT213_OS_End_of_Hindlimb_Unloading,MT213,PERFORMED_ON
OSD-679_OCT_MT214_OS_End_of_Hindlimb_Unloading,MT214,PERFORMED_ON
OSD-679_OCT_MT215_OS_End_of_Hindlimb_Unloading,MT215,PERFORMED_ON
OSD-679_OCT_MT216_OS_End_of_Hindlimb_Unloading,MT216,PERFORMED_ON
OSD-679_OCT_MT217_OS_End_of_Hindlimb_Unloading,MT217,PERFORMED_ON
OSD-679_OCT_MT245_OD_End_of_Hindlimb_Unloading,MT245,PERFORMED_ON
OSD-679_OCT_MT240_OD_End_of_Hindlimb_Unloading,MT240,PERFORMED_ON
OSD-679_OCT_MT244_OD_End_of_Hindlimb_Unloading,MT244,PERFORMED_ON
OSD-679_OCT_MT245_OS_End_of_Hindlimb_Unloading,MT245,PERFORMED_ON
OSD-679_OCT_MT240_OS_End_of_Hindlimb_Unloading,MT240,PERFORMED_ON
OSD-679_OCT_MT244_OS_End_of_Hindlimb_Unloading,MT244,PERFORMED_ON
OSD-679_OCT_MT130_OD_End_of_Hindlimb_Unloading,MT130,PERFORMED_ON
OSD-679_OCT_MT131_OD_End_of_Hindlimb_Unloading,MT131,PERFORMED_ON
OSD-679_OCT_MT132_OD_End_of_Hindlimb_Unloading,MT132,PERFORMED_ON
OSD-679_OCT_MT135_OD_End_of_Hindlimb_Unloading,MT135,PERFORMED_ON
OSD-679_OCT_MT137_OD_End_of_Hindlimb_Unloading,MT137,PERFORMED_ON
OSD-679_OCT_MT138_OD_End_of_Hindlimb_Unloading,MT138,PERFORMED_ON
OSD-679_OCT_MT131_OS_End_of_Hindlimb_Unloading,MT131,PERFORMED_ON
OSD-679_OCT_MT132_OS_End_of_Hindlimb_Unloading,MT132,PERFORMED_ON
OSD-679_OCT_MT135_OS_End_of_Hindlimb_Unloading,MT135,PERFORMED_ON
OSD-679_OCT_MT137_OS_End_of_Hindlimb_Unloading,MT137,PERFORMED_ON
OSD-679_OCT_MT138_OS_End_of_Hindlimb_Unloading,MT138,PERFORMED_ON
OSD-679_OCT_MT320_OD_End_of_Hindlimb_Unloading,MT320,PERFORMED_ON
OSD-679_OCT_MT322_OD_End_of_Hindlimb_Unloading,MT322,PERFORMED_ON
OSD-679_OCT_MT336_OD_End_of_Hindlimb_Unloading,MT336,PERFORMED_ON
OSD-679_OCT_MT320_OS_End_of_Hindlimb_Unloading,MT320,PERFORMED_ON
OSD-679_OCT_MT322_OS_End_of_Hindlimb_Unloading,MT322,PERFORMED_ON
OSD-679_OCT_MT319_OD_End_of_Hindlimb_Unloading,MT319,PERFORMED_ON
OSD-679_OCT_MT330_OD_End_of_Hindlimb_Unloading,MT330,PERFORMED_ON
OSD-679_OCT_MT329_OD_End_of_Hindlimb_Unloading,MT329,PERFORMED_ON
OSD-679_OCT_MT335_OD_End_of_Hindlimb_Unloading,MT335,PERFORMED_ON
OSD-679_OCT_MT321_OD_End_of_Hindlimb_Unloading,MT321,PERFORMED_ON
OSD-679_OCT_MT330_OS_End_of_Hindlimb_Unloading,MT330,PERFORMED_ON
OSD-679_OCT_MT329_OS_End_of_Hindlimb_Unloading,MT329,PERFORMED_ON
OSD-679_OCT_MT335_OS_End_of_Hindlimb_Unloading,MT335,PERFORMED_ON
OSD-679_OCT_MT321_OS_End_of_Hindlimb_Unloading,MT321,PERFORMED_ON
OSD-679_OCT_MT363_OD_End_of_Hindlimb_Unloading,MT363,PERFORMED_ON
OSD-679_OCT_MT361_OD_End_of_Hindlimb_Unloading,MT361,PERFORMED_ON
OSD-679_OCT_MT359_OD_End_of_Hindlimb_Unloading,MT359,PERFORMED_ON
OSD-679_OCT_MT328_OD_End_of_Hindlimb_Unloading,MT328,PERFORMED_ON
OSD-679_OCT_MT363_OS_End_of_Hindlimb_Unloading,MT363,PERFORMED_ON
OSD-679_OCT_MT365_OS_End_of_Hindlimb_Unloading,MT365,PERFORMED_ON
OSD-679_OCT_MT359_OS_End_of_Hindlimb_Unloading,MT359,PERFORMED_ON
OSD-679_OCT_MT328_OS_End_of_Hindlimb_Unloading,MT328,PERFORMED_ON
OSD-679_OCT_MT267_OD_End_of_Recovery,MT267,PERFORMED_ON
OSD-679_OCT_MT269_OD_End_of_Recovery,MT269,PERFORMED_ON
OSD-679_OCT_MT270_OD_End_of_Recovery,MT270,PERFORMED_ON
OSD-679_OCT_MT267_OS_End_of_Recovery,MT267,PERFORMED_ON
OSD-679_OCT_MT269_OS_End_of_Recovery,MT269,PERFORMED_ON
OSD-679_OCT_MT270_OS_End_of_Recovery,MT270,PERFORMED_ON
OSD-679_OCT_MT278_OD_End_of_Recovery,MT278,PERFORMED_ON
OSD-679_OCT_MT279_OD_End_of_Recovery,MT279,PERFORMED_ON
OSD-679_OCT_MT280_OD_End_of_Recovery,MT280,PERFORMED_ON
OSD-679_OCT_MT278_OS_End_of_Recovery,MT278,PERFORMED_ON
OSD-679_OCT_MT279_OS_End_of_Recovery,MT279,PERFORMED_ON
OSD-679_OCT_MT280_OS_End_of_Recovery,MT280,PERFORMED_ON
OSD-679_OCT_MT259_OD_End_of_Recovery,MT259,PERFORMED_ON
OSD-679_OCT_MT261_OD_End_of_Recovery,MT261,PERFORMED_ON
OSD-679_OCT_MT263_OD_End_of_Recovery,MT263,PERFORMED_ON
OSD-679_OCT_MT264_OD_End_of_Recovery,MT264,PERFORMED_ON
OSD-679_OCT_MT265_OD_End_of_Recovery,MT265,PERFORMED_ON
OSD-679_OCT_MT266_OD_End_of_Recovery,MT266,PERFORMED_ON
OSD-679_OCT_MT259_OS_End_of_Recovery,MT259,PERFORMED_ON
OSD-679_OCT_MT261_OS_End_of_Recovery,MT261,PERFORMED_ON
OSD-679_OCT_MT263_OS_End_of_Recovery,MT263,PERFORMED_ON
OSD-679_OCT_MT264_OS_End_of_Recovery,MT264,PERFORMED_ON
OSD-679_OCT_MT265_OS_End_of_Recovery,MT265,PERFORMED_ON
OSD-679_OCT_MT266_OS_End_of_Recovery,MT266,PERFORMED_ON
OSD-679_OCT_MT271_OD_End_of_Recovery,MT271,PERFORMED_ON
OSD-679_OCT_MT272_OD_End_of_Recovery,MT272,PERFORMED_ON
OSD-679_OCT_MT273_OD_End_of_Recovery,MT273,PERFORMED_ON
OSD-679_OCT_MT274_OD_End_of_Recovery,MT274,PERFORMED_ON
OSD-679_OCT_MT275_OD_End_of_Recovery,MT275,PERFORMED_ON
OSD-679_OCT_MT276_OD_End_of_Recovery,MT276,PERFORMED_ON
OSD-679_OCT_MT277_OD_End_of_Recovery,MT277,PERFORMED_ON
OSD-679_OCT_MT271_OS_End_of_Recovery,MT271,PERFORMED_ON
OSD-679_OCT_MT272_OS_End_of_Recovery,MT272,PERFORMED_ON
OSD-679_OCT_MT273_OS_End_of_Recovery,MT273,PERFORMED_ON
OSD-679_OCT_MT274_OS_End_of_Recovery,MT274,PERFORMED_ON
OSD-679_OCT_MT275_OS_End_of_Recovery,MT275,PERFORMED_ON
OSD-679_OCT_MT276_OS_End_of_Recovery,MT276,PERFORMED_ON
OSD-679_OCT_MT277_OS_End_of_Recovery,MT277,PERFORMED_ON
OSD-679_OCT_MT07_OD_End_of_Recovery,MT07,PERFORMED_ON
OSD-679_OCT_MT25_OD_End_of_Recovery,MT25,PERFORMED_ON
OSD-679_OCT_MT35_OD_End_of_Recovery,MT35,PERFORMED_ON
OSD-679_OCT_MT07_OS_End_of_Recovery,MT07,PERFORMED_ON
OSD-679_OCT_MT25_OS_End_of_Recovery,MT25,PERFORMED_ON
OSD-679_OCT_MT35_OS_End_of_Recovery,MT35,PERFORMED_ON
OSD-679_OCT_MT24_OS_End_of_Recovery,MT24,PERFORMED_ON
OSD-679_OCT_MT36_OS_End_of_Recovery,MT36,PERFORMED_ON
OSD-679_OCT_MT42_OS_End_of_Recovery,MT42,PERFORMED_ON
OSD-679_OCT_MT149_OD_End_of_Recovery,MT149,PERFORMED_ON
OSD-679_OCT_MT151_OD_End_of_Recovery,MT151,PERFORMED_ON
OSD-679_OCT_MT153_OD_End_of_Recovery,MT153,PERFORMED_ON
OSD-679_OCT_MT155_OD_End_of_Recovery,MT155,PERFORMED_ON
OSD-679_OCT_MT158_OD_End_of_Recovery,MT158,PERFORMED_ON
OSD-679_OCT_MT301_OD_End_of_Recovery,MT301,PERFORMED_ON
OSD-679_OCT_MT149_OS_End_of_Recovery,MT149,PERFORMED_ON
OSD-679_OCT_MT151_OS_End_of_Recovery,MT151,PERFORMED_ON
OSD-679_OCT_MT153_OS_End_of_Recovery,MT153,PERFORMED_ON
OSD-679_OCT_MT155_OS_End_of_Recovery,MT155,PERFORMED_ON
OSD-679_OCT_MT158_OS_End_of_Recovery,MT158,PERFORMED_ON
OSD-679_OCT_MT299_OS_End_of_Recovery,MT299,PERFORMED_ON
OSD-679_OCT_MT301_OS_End_of_Recovery,MT301,PERFORMED_ON
OSD-679_OCT_MT150_OD_End_of_Recovery,MT150,PERFORMED_ON
OSD-679_OCT_MT152_OD_End_of_Recovery,MT152,PERFORMED_ON
OSD-679_OCT_MT154_OD_End_of_Recovery,MT154,PERFORMED_ON
OSD-679_OCT_MT157_OD_End_of_Recovery,MT157,PERFORMED_ON
OSD-679_OCT_MT161_OD_End_of_Recovery,MT161,PERFORMED_ON
OSD-679_OCT_MT293_OD_End_of_Recovery,MT293,PERFORMED_ON
OSD-679_OCT_MT296_OD_End_of_Recovery,MT296,PERFORMED_ON
OSD-679_OCT_MT152_OS_End_of_Recovery,MT152,PERFORMED_ON
OSD-679_OCT_MT161_OS_End_of_Recovery,MT161,PERFORMED_ON
OSD-679_OCT_MT293_OS_End_of_Recovery,MT293,PERFORMED_ON
OSD-679_OCT_MT296_OS_End_of_Recovery,MT296,PERFORMED_ON
OSD-679_OCT_MT303_OS_End_of_Recovery,MT303,PERFORMED_ON
OSD-679_OCT_FT98_OD_End_of_Recovery,FT98,PERFORMED_ON
OSD-679_OCT_FT99_OD_End_of_Recovery,FT99,PERFORMED_ON
OSD-679_OCT_FT102_OD_End_of_Recovery,FT102,PERFORMED_ON
OSD-679_OCT_FT100_OD_End_of_Recovery,FT100,PERFORMED_ON
OSD-679_OCT_FT101_OD_End_of_Recovery,FT101,PERFORMED_ON
OSD-679_OCT_FT103_OD_End_of_Recovery,FT103,PERFORMED_ON
OSD-679_OCT_FT104_OD_End_of_Recovery,FT104,PERFORMED_ON
OSD-679_OCT_FT98_OS_End_of_Recovery,FT98,PERFORMED_ON
OSD-679_OCT_FT99_OS_End_of_Recovery,FT99,PERFORMED_ON
OSD-679_OCT_FT102_OS_End_of_Recovery,FT102,PERFORMED_ON
OSD-679_OCT_FT100_OS_End_of_Recovery,FT100,PERFORMED_ON
OSD-679_OCT_FT101_OS_End_of_Recovery,FT101,PERFORMED_ON
OSD-679_OCT_FT103_OS_End_of_Recovery,FT103,PERFORMED_ON
OSD-679_OCT_FT104_OS_End_of_Recovery,FT104,PERFORMED_ON
OSD-679_OCT_FT74_OD_End_of_Recovery,FT74,PERFORMED_ON
OSD-679_OCT_FT76_OD_End_of_Recovery,FT76,PERFORMED_ON
OSD-679_OCT_FT78_OD_End_of_Recovery,FT78,PERFORMED_ON
OSD-679_OCT_FT82_OD_End_of_Recovery,FT82,PERFORMED_ON
OSD-679_OCT_FT84_OD_End_of_Recovery,FT84,PERFORMED_ON
OSD-679_OCT_FT87_OD_End_of_Recovery,FT87,PERFORMED_ON
OSD-679_OCT_FT96_OD_End_of_Recovery,FT96,PERFORMED_ON
OSD-679_OCT_FT73_OD_End_of_Recovery,FT73,PERFORMED_ON
OSD-679_OCT_FT77_OD_End_of_Recovery,FT77,PERFORMED_ON
OSD-679_OCT_FT81_OD_End_of_Recovery,FT81,PERFORMED_ON
OSD-679_OCT_FT83_OD_End_of_Recovery,FT83,PERFORMED_ON
OSD-679_OCT_FT85_OD_End_of_Recovery,FT85,PERFORMED_ON
OSD-679_OCT_FT95_OD_End_of_Recovery,FT95,PERFORMED_ON
OSD-679_OCT_FT97_OD_End_of_Recovery,FT97,PERFORMED_ON
OSD-679_OCT_FT74_OS_End_of_Recovery,FT74,PERFORMED_ON
OSD-679_OCT_FT78_OS_End_of_Recovery,FT78,PERFORMED_ON
OSD-679_OCT_FT82_OS_End_of_Recovery,FT82,PERFORMED_ON
OSD-679_OCT_FT84_OS_End_of_Recovery,FT84,PERFORMED_ON
OSD-679_OCT_FT87_OS_End_of_Recovery,FT87,PERFORMED_ON
OSD-679_OCT_FT96_OS_End_of_Recovery,FT96,PERFORMED_ON
OSD-679_OCT_FT73_OS_End_of_Recovery,FT73,PERFORMED_ON
OSD-679_OCT_FT77_OS_End_of_Recovery,FT77,PERFORMED_ON
OSD-679_OCT_FT81_OS_End_of_Recovery,FT81,PERFORMED_ON
OSD-679_OCT_FT83_OS_End_of_Recovery,FT83,PERFORMED_ON
OSD-679_OCT_FT85_OS_End_of_Recovery,FT85,PERFORMED_ON
OSD-679_OCT_FT97_OS_End_of_Recovery,FT97,PERFORMED_ON
OSD-679_OCT_FT138_OD_End_of_Recovery,FT138,PERFORMED_ON
OSD-679_OCT_FT138_OS_End_of_Recovery,FT138,PERFORMED_ON
OSD-679_OCT_FT45_OD_End_of_Recovery,FT45,PERFORMED_ON
OSD-679_OCT_FT47_OD_End_of_Recovery,FT47,PERFORMED_ON
OSD-679_OCT_FT50_OD_End_of_Recovery,FT50,PERFORMED_ON
OSD-679_OCT_FT107_OD_End_of_Recovery,FT107,PERFORMED_ON
OSD-679_OCT_FT110_OD_End_of_Recovery,FT110,PERFORMED_ON
OSD-679_OCT_FT122_OD_End_of_Recovery,FT122,PERFORMED_ON
OSD-679_OCT_FT128_OD_End_of_Recovery,FT128,PERFORMED_ON
OSD-679_OCT_FT51_OD_End_of_Recovery,FT51,PERFORMED_ON
OSD-679_OCT_FT55_OD_End_of_Recovery,FT55,PERFORMED_ON
OSD-679_OCT_FT57_OD_End_of_Recovery,FT57,PERFORMED_ON
OSD-679_OCT_FT109_OD_End_of_Recovery,FT109,PERFORMED_ON
OSD-679_OCT_FT121_OD_End_of_Recovery,FT121,PERFORMED_ON
OSD-679_OCT_FT127_OD_End_of_Recovery,FT127,PERFORMED_ON
OSD-679_OCT_FT130_OD_End_of_Recovery,FT130,PERFORMED_ON
OSD-679_OCT_FT45_OS_End_of_Recovery,FT45,PERFORMED_ON
OSD-679_OCT_FT47_OS_End_of_Recovery,FT47,PERFORMED_ON
OSD-679_OCT_FT50_OS_End_of_Recovery,FT50,PERFORMED_ON
OSD-679_OCT_FT52_OS_End_of_Recovery,FT52,PERFORMED_ON
OSD-679_OCT_FT56_OS_End_of_Recovery,FT56,PERFORMED_ON
OSD-679_OCT_FT51_OS_End_of_Recovery,FT51,PERFORMED_ON
OSD-679_OCT_FT57_OS_End_of_Recovery,FT57,PERFORMED_ON
OSD-679_OCT_MT239_OD_End_of_Recovery,MT239,PERFORMED_ON
OSD-679_OCT_MT241_OD_End_of_Recovery,MT241,PERFORMED_ON
OSD-679_OCT_MT246_OD_End_of_Recovery,MT246,PERFORMED_ON
OSD-679_OCT_MT242_OD_End_of_Recovery,MT242,PERFORMED_ON
OSD-679_OCT_MT248_OD_End_of_Recovery,MT248,PERFORMED_ON
OSD-679_OCT_MT239_OS_End_of_Recovery,MT239,PERFORMED_ON
OSD-679_OCT_MT241_OS_End_of_Recovery,MT241,PERFORMED_ON
OSD-679_OCT_MT246_OS_End_of_Recovery,MT246,PERFORMED_ON
OSD-679_OCT_MT242_OS_End_of_Recovery,MT242,PERFORMED_ON
OSD-679_OCT_MT248_OS_End_of_Recovery,MT248,PERFORMED_ON
OSD-679_OCT_MT211_OD_End_of_Recovery,MT211,PERFORMED_ON
OSD-679_OCT_MT212_OD_End_of_Recovery,MT212,PERFORMED_ON
OSD-679_OCT_MT213_OD_End_of_Recovery,MT213,PERFORMED_ON
OSD-679_OCT_MT214_OD_End_of_Recovery,MT214,PERFORMED_ON
OSD-679_OCT_MT215_OD_End_of_Recovery,MT215,PERFORMED_ON
OSD-679_OCT_MT216_OD_End_of_Recovery,MT216,PERFORMED_ON
OSD-679_OCT_MT217_OD_End_of_Recovery,MT217,PERFORMED_ON
OSD-679_OCT_MT211_OS_End_of_Recovery,MT211,PERFORMED_ON
OSD-679_OCT_MT212_OS_End_of_Recovery,MT212,PERFORMED_ON
OSD-679_OCT_MT213_OS_End_of_Recovery,MT213,PERFORMED_ON
OSD-679_OCT_MT214_OS_End_of_Recovery,MT214,PERFORMED_ON
OSD-679_OCT_MT215_OS_End_of_Recovery,MT215,PERFORMED_ON
OSD-679_OCT_MT216_OS_End_of_Recovery,MT216,PERFORMED_ON
OSD-679_OCT_MT217_OS_End_of_Recovery,MT217,PERFORMED_ON
OSD-679_OCT_MT245_OD_End_of_Recovery,MT245,PERFORMED_ON
OSD-679_OCT_MT240_OD_End_of_Recovery,MT240,PERFORMED_ON
OSD-679_OCT_MT244_OD_End_of_Recovery,MT244,PERFORMED_ON
OSD-679_OCT_MT245_OS_End_of_Recovery,MT245,PERFORMED_ON
OSD-679_OCT_MT240_OS_End_of_Recovery,MT240,PERFORMED_ON
OSD-679_OCT_MT244_OS_End_of_Recovery,MT244,PERFORMED_ON
OSD-679_OCT_MT130_OD_End_of_Recovery,MT130,PERFORMED_ON
OSD-679_OCT_MT131_OD_End_of_Recovery,MT131,PERFORMED_ON
OSD-679_OCT_MT137_OD_End_of_Recovery,MT137,PERFORMED_ON
OSD-679_OCT_MT138_OD_End_of_Recovery,MT138,PERFORMED_ON
OSD-679_OCT_MT130_OS_End_of_Recovery,MT130,PERFORMED_ON
OSD-679_OCT_MT131_OS_End_of_Recovery,MT131,PERFORMED_ON
OSD-679_OCT_MT139_OD_End_of_Recovery,MT139,PERFORMED_ON
OSD-679_OCT_MT140_OD_End_of_Recovery,MT140,PERFORMED_ON
OSD-679_OCT_MT141_OD_End_of_Recovery,MT141,PERFORMED_ON
OSD-679_OCT_MT144_OD_End_of_Recovery,MT144,PERFORMED_ON
OSD-679_OCT_MT139_OS_End_of_Recovery,MT139,PERFORMED_ON
OSD-679_OCT_MT140_OS_End_of_Recovery,MT140,PERFORMED_ON
OSD-679_OCT_MT141_OS_End_of_Recovery,MT141,PERFORMED_ON
OSD-679_OCT_MT142_OS_End_of_Recovery,MT142,PERFORMED_ON
OSD-679_OCT_MT144_OS_End_of_Recovery,MT144,PERFORMED_ON
OSD-679_OCT_MT320_OD_End_of_Recovery,MT320,PERFORMED_ON
OSD-679_OCT_MT322_OD_End_of_Recovery,MT322,PERFORMED_ON
OSD-679_OCT_MT336_OD_End_of_Recovery,MT336,PERFORMED_ON
OSD-679_OCT_MT320_OS_End_of_Recovery,MT320,PERFORMED_ON
OSD-679_OCT_MT322_OS_End_of_Recovery,MT322,PERFORMED_ON
OSD-679_OCT_MT336_OS_End_of_Recovery,MT336,PERFORMED_ON
OSD-679_OCT_MT319_OD_End_of_Recovery,MT319,PERFORMED_ON
OSD-679_OCT_MT324_OD_End_of_Recovery,MT324,PERFORMED_ON
OSD-679_OCT_MT329_OD_End_of_Recovery,MT329,PERFORMED_ON
OSD-679_OCT_MT321_OD_End_of_Recovery,MT321,PERFORMED_ON
OSD-679_OCT_MT319_OS_End_of_Recovery,MT319,PERFORMED_ON
OSD-679_OCT_MT330_OS_End_of_Recovery,MT330,PERFORMED_ON
OSD-679_OCT_MT329_OS_End_of_Recovery,MT329,PERFORMED_ON
OSD-679_OCT_MT335_OS_End_of_Recovery,MT335,PERFORMED_ON
OSD-679_OCT_MT321_OS_End_of_Recovery,MT321,PERFORMED_ON
OSD-679_OCT_MT151_OS_End_of_Hindlimb_Unloading,MT151,PERFORMED_ON
OSD-679_OCT_FT55_OD_End_of_Hindlimb_Unloading,FT55,PERFORMED_ON
OSD-679_OCT_FT57_OD_End_of_Hindlimb_Unloading,FT57,PERFORMED_ON
OSD-679_OCT_MT353_OD_End_of_Hindlimb_Unloading,MT353,PERFORMED_ON
OSD-679_OCT_MT297_OD_End_of_Recovery,MT297,PERFORMED_ON
OSD-679_OCT_FT146_OS_End_of_Recovery,FT146,PERFORMED_ON
OSD-679_OCT_MT330_OD_End_of_Recovery,MT330,PERFORMED_ON
OSD-679_OCT_MT335_OD_End_of_Recovery,MT335,PERFORMED_ON
OSD-679_OCT_MT78_OS_End_of_Hindlimb_Unloading,MT78,PERFORMED_ON
OSD-679_OCT_MT271_OD_End_of_Hindlimb_Unloading,MT271,PERFORMED_ON
OSD-679_OCT_MT272_OS_End_of_Hindlimb_Unloading,MT272,PERFORMED_ON
OSD-679_OCT_MT158_OS_End_of_Hindlimb_Unloading,MT158,PERFORMED_ON
OSD-679_OCT_MT154_OS_End_of_Hindlimb_Unloading,MT154,PERFORMED_ON
OSD-679_OCT_FT102_OD_End_of_Hindlimb_Unloading,FT102,PERFORMED_ON
OSD-679_OCT_FT103_OS_End_of_Hindlimb_Unloading,FT103,PERFORMED_ON
OSD-679_OCT_FT81_OS_End_of_Hindlimb_Unloading,FT81,PERFORMED_ON
OSD-679_OCT_FT50_OS_End_of_Hindlimb_Unloading,FT50,PERFORMED_ON
OSD-679_OCT_MT130_OS_End_of_Hindlimb_Unloading,MT130,PERFORMED_ON
OSD-679_OCT_MT336_OS_End_of_Hindlimb_Unloading,MT336,PERFORMED_ON
OSD-679_OCT_MT319_OS_End_of_Hindlimb_Unloading,MT319,PERFORMED_ON
OSD-679_OCT_MT334_OD_End_of_Hindlimb_Unloading,MT334,PERFORMED_ON
OSD-679_OCT_MT365_OD_End_of_Hindlimb_Unloading,MT365,PERFORMED_ON
OSD-679_OCT_MT334_OS_End_of_Hindlimb_Unloading,MT334,PERFORMED_ON
OSD-679_OCT_MT361_OS_End_of_Hindlimb_Unloading,MT361,PERFORMED_ON
OSD-679_OCT_MT299_OD_End_of_Recovery,MT299,PERFORMED_ON
OSD-679_OCT_MT297_OS_End_of_Recovery,MT297,PERFORMED_ON
OSD-679_OCT_MT302_OD_End_of_Recovery,MT302,PERFORMED_ON
OSD-679_OCT_MT303_OD_End_of_Recovery,MT303,PERFORMED_ON
OSD-679_OCT_MT150_OS_End_of_Recovery,MT150,PERFORMED_ON
OSD-679_OCT_MT154_OS_End_of_Recovery,MT154,PERFORMED_ON
OSD-679_OCT_MT157_OS_End_of_Recovery,MT157,PERFORMED_ON
OSD-679_OCT_MT302_OS_End_of_Recovery,MT302,PERFORMED_ON
OSD-679_OCT_FT76_OS_End_of_Recovery,FT76,PERFORMED_ON
OSD-679_OCT_FT95_OS_End_of_Recovery,FT95,PERFORMED_ON
OSD-679_OCT_MT135_OD_End_of_Recovery,MT135,PERFORMED_ON
OSD-679_OCT_MT135_OS_End_of_Recovery,MT135,PERFORMED_ON
OSD-679_OCT_MT137_OS_End_of_Recovery,MT137,PERFORMED_ON
OSD-679_OCT_MT138_OS_End_of_Recovery,MT138,PERFORMED_ON
OSD-679_OCT_MT324_OS_End_of_Recovery,MT324,PERFORMED_ON
OSD-679_OCT_FT149_OS_End_of_Recovery,FT149,PERFORMED_ON
