subjectID:ID,:LABEL
MT51,Subject
MT56,Subject
MT59,Subject
MT66,Subject
MT70,Subject
MT76,Subject
MT74,Subject
MT78,Subject
MT80,Subject
MT68,Subject
MT71,Subject
MT73,Subject
MT75,Subject
MT79,Subject
MT82,Subject
MT05,Subject
MT01,Subject
MT63,Subject
MT08,Subject
MT18,Subject
MT09,Subject
MT04,Subject
MT17,Subject
MT21,Subject
MT23,Subject
MT02,Subject
MT54,Subject
MT13,Subject
MT14,Subject
MT15,Subject
MT16,Subject
MT28,Subject
MT32,Subject
MT39,Subject
MT37,Subject
MT267,Subject
MT269,Subject
MT270,Subject
MT278,Subject
MT279,Subject
MT280,Subject
MT259,Subject
MT261,Subject
MT263,Subject
MT264,Subject
MT265,Subject
MT266,Subject
MT272,Subject
MT273,Subject
MT274,Subject
MT275,Subject
MT276,Subject
MT277,Subject
MT271,Subject
MT07,Subject
MT25,Subject
MT35,Subject
MT149,Subject
MT151,Subject
MT153,Subject
MT155,Subject
MT158,Subject
MT297,Subject
MT299,Subject
MT301,Subject
MT150,Subject
MT152,Subject
MT154,Subject
MT157,Subject
MT161,Subject
MT293,Subject
MT296,Subject
MT302,Subject
MT303,Subject
FT31,Subject
FT28,Subject
FT07,Subject
FT06,Subject
FT29,Subject
FT32,Subject
FT38,Subject
FT09,Subject
FT08,Subject
FT12,Subject
FT22,Subject
FT23,Subject
FT25,Subject
FT30,Subject
FT35,Subject
FT10,Subject
FT14,Subject
FT24,Subject
FT26,Subject
FT27,Subject
FT33,Subject
FT34,Subject
FT37,Subject
FT01,Subject
FT03,Subject
FT15,Subject
FT17,Subject
FT02,Subject
FT04,Subject
FT16,Subject
FT18,Subject
FT155,Subject
FT157,Subject
FT159,Subject
FT163,Subject
FT154,Subject
FT156,Subject
FT160,Subject
FT164,Subject
FT98,Subject
FT99,Subject
FT149,Subject
FT151,Subject
FT100,Subject
FT101,Subject
FT103,Subject
FT104,Subject
FT148,Subject
FT150,Subject
FT102,Subject
FT74,Subject
FT76,Subject
FT78,Subject
FT82,Subject
FT84,Subject
FT87,Subject
FT96,Subject
FT133,Subject
FT135,Subject
FT137,Subject
FT141,Subject
FT143,Subject
FT145,Subject
FT147,Subject
FT73,Subject
FT77,Subject
FT81,Subject
FT83,Subject
FT85,Subject
FT95,Subject
FT97,Subject
FT132,Subject
FT134,Subject
FT136,Subject
FT140,Subject
FT142,Subject
FT144,Subject
FT146,Subject
FT111,Subject
FT138,Subject
FT45,Subject
FT47,Subject
FT50,Subject
FT52,Subject
FT56,Subject
FT107,Subject
FT110,Subject
FT122,Subject
FT128,Subject
FT51,Subject
FT109,Subject
FT121,Subject
FT127,Subject
FT130,Subject
FT57,Subject
MT228,Subject
MT230,Subject
MT234,Subject
MT219,Subject
MT221,Subject
MT225,Subject
MT164,Subject
MT165,Subject
MT168,Subject
MT170,Subject
MT172,Subject
MT174,Subject
MT175,Subject
MT163,Subject
MT166,Subject
MT167,Subject
MT169,Subject
MT171,Subject
MT173,Subject
MT179,Subject
MT185,Subject
MT191,Subject
MT180,Subject
MT186,Subject
MT192,Subject
MT364,Subject
MT362,Subject
MT360,Subject
MT355,Subject
MT357,Subject
MT353,Subject
MT239,Subject
MT241,Subject
MT246,Subject
MT242,Subject
MT248,Subject
MT211,Subject
MT212,Subject
MT213,Subject
MT214,Subject
MT215,Subject
MT216,Subject
MT217,Subject
MT245,Subject
MT240,Subject
MT244,Subject
MT130,Subject
MT131,Subject
MT132,Subject
MT135,Subject
MT137,Subject
MT138,Subject
MT320,Subject
MT322,Subject
MT336,Subject
MT319,Subject
MT330,Subject
MT329,Subject
MT335,Subject
MT321,Subject
MT363,Subject
MT361,Subject
MT359,Subject
MT328,Subject
MT365,Subject
MT24,Subject
MT36,Subject
MT42,Subject
FT55,Subject
MT139,Subject
MT140,Subject
MT141,Subject
MT144,Subject
MT142,Subject
MT324,Subject
MT334,Subject
